{
	"credit": "Made with Blockbench",
	"textures": {
		"1": "thekidthatcodes:item/jousting_lance"
	},
	"elements": [
		{
			"from": [0, 0, 0],
			"to": [2, 5, 2],
			"faces": {
				"north": {"uv": [0, 0, 1, 1], "texture": "#1"},
				"east": {"uv": [0, 0, 1, 1], "texture": "#1"},
				"south": {"uv": [0, 0, 1, 1], "texture": "#1"},
				"west": {"uv": [0, 0, 1, 1], "texture": "#1"},
				"up": {"uv": [0, 0, 1, 1], "texture": "#1"},
				"down": {"uv": [0, 0, 1, 1], "texture": "#1"}
			}
		},
		{
			"from": [-1.25, 5, -1.25],
			"to": [3.25, 6, 3.25],
			"faces": {
				"north": {"uv": [0, 0, 1, 1], "texture": "#1"},
				"east": {"uv": [0, 0, 1, 1], "texture": "#1"},
				"south": {"uv": [0, 0, 1, 1], "texture": "#1"},
				"west": {"uv": [0, 0, 1, 1], "texture": "#1"},
				"up": {"uv": [0, 0, 1, 1], "texture": "#1"},
				"down": {"uv": [0, 0, 1, 1], "texture": "#1"}
			}
		},
		{
			"from": [-1, 6, -1],
			"to": [3, 12, 3],
			"faces": {
				"north": {"uv": [0, 0, 4, 6], "texture": "#1"},
				"east": {"uv": [0, 0, 4, 6], "texture": "#1"},
				"south": {"uv": [0, 0, 4, 6], "texture": "#1"},
				"west": {"uv": [0, 0, 4, 6], "texture": "#1"},
				"up": {"uv": [0, 0, 4, 4], "texture": "#1"},
				"down": {"uv": [0, 0, 4, 4], "texture": "#1"}
			}
		},
		{
			"from": [-0.75, 12, -0.75],
			"to": [2.75, 18, 2.75],
			"faces": {
				"north": {"uv": [0, 0, 4, 6], "texture": "#1"},
				"east": {"uv": [0, 0, 4, 6], "texture": "#1"},
				"south": {"uv": [0, 0, 4, 6], "texture": "#1"},
				"west": {"uv": [0, 0, 4, 6], "texture": "#1"},
				"up": {"uv": [0, 0, 3.5, 3.5], "texture": "#1"},
				"down": {"uv": [0, 0, 3.5, 3.5], "texture": "#1"}
			}
		},
		{
			"from": [-0.5, 18, -0.5],
			"to": [2.5, 24, 2.5],
			"faces": {
				"north": {"uv": [0, 0, 4, 6], "texture": "#1"},
				"east": {"uv": [0, 0, 4, 6], "texture": "#1"},
				"south": {"uv": [0, 0, 4, 6], "texture": "#1"},
				"west": {"uv": [0, 0, 4, 6], "texture": "#1"},
				"up": {"uv": [0, 0, 3, 3], "texture": "#1"},
				"down": {"uv": [0, 0, 3, 3], "texture": "#1"}
			}
		},
		{
			"from": [-0.25, 24, -0.25],
			"to": [2.25, 28, 2.25],
			"faces": {
				"north": {"uv": [0, 0, 4, 6], "texture": "#1"},
				"east": {"uv": [0, 0, 4, 6], "texture": "#1"},
				"south": {"uv": [0, 0, 4, 6], "texture": "#1"},
				"west": {"uv": [0, 0, 4, 6], "texture": "#1"},
				"up": {"uv": [0, 0, 2.5, 2.5], "texture": "#1"},
				"down": {"uv": [0, 0, 2.5, 2.5], "texture": "#1"}
			}
		},
		{
			"from": [-0.25, 28, 0],
			"to": [2.25, 30.5, 2],
			"faces": {
				"north": {"uv": [0, 0, 4, 6], "texture": "#1"},
				"east": {"uv": [0, 0, 4, 6], "texture": "#1"},
				"south": {"uv": [0, 0, 4, 6], "texture": "#1"},
				"west": {"uv": [0, 0, 4, 6], "texture": "#1"},
				"up": {"uv": [0, 0, 2.5, 2], "texture": "#1"},
				"down": {"uv": [0, 0, 2.5, 2], "texture": "#1"}
			}
		},
		{
			"from": [-0.5, 29.5, -0.25],
			"to": [2.5, 31.5, 2.25],
			"faces": {
				"north": {"uv": [0, 0, 1, 1], "texture": "#1"},
				"east": {"uv": [0, 0, 1, 1], "texture": "#1"},
				"south": {"uv": [0, 0, 1, 1], "texture": "#1"},
				"west": {"uv": [0, 0, 1, 1], "texture": "#1"},
				"up": {"uv": [0, 0, 1, 1], "texture": "#1"},
				"down": {"uv": [0, 0, 1, 1], "texture": "#1"}
			}
		}
	],
	"display": {
		"thirdperson_righthand": {
			"rotation": [-90, 0, 0],
			"translation": [7, 5, -5]
		},
		"thirdperson_lefthand": {
			"rotation": [-90, 0, 0],
			"translation": [-7, 5, -5]
		},
		"firstperson_righthand": {
			"rotation": [-85, -1, 0],
			"translation": [5.5, 10, 0],
			"scale": [0.85, 0.85, 0.85]
		},
		"firstperson_lefthand": {
			"rotation": [-85, -1, 0],
			"translation": [-5.5, 10, 0],
			"scale": [0.85, 0.85, 0.85]
		},
		"ground": {
			"translation": [7, 4, 7.5]
		},
		"gui": {
			"rotation": [0, 0, 45],
			"translation": [5.5, -1, 0],
			"scale": [0.5, 0.5, 0.5]
		}
	}
}