{
	"credit": "Made with Blockbench",
	"textures": {
		"0": "block/acacia_planks",
		"1": "block/amethyst_block",
		"2": "block/diamond_block",
		"3": "block/gold_block",
		"particle": "block/acacia_planks"
	},
	"elements": [
		{
			"from": [6.75, 0.5, 6.75],
			"to": [9.25, 1.5, 9.25],
			"faces": {
				"north": {"uv": [0, 0, 2.5, 1], "texture": "#3"},
				"east": {"uv": [0, 0, 2.5, 1], "texture": "#3"},
				"south": {"uv": [0, 0, 2.5, 1], "texture": "#3"},
				"west": {"uv": [0, 0, 2.5, 1], "texture": "#3"},
				"up": {"uv": [0, 0, 2.5, 2.5], "texture": "#3"},
				"down": {"uv": [0, 0, 2.5, 2.5], "texture": "#3"}
			}
		},
		{
			"from": [6.75, 7.5, 6.75],
			"to": [9.25, 8.5, 9.25],
			"faces": {
				"north": {"uv": [0, 0, 2.5, 1], "texture": "#3"},
				"east": {"uv": [0, 0, 2.5, 1], "texture": "#3"},
				"south": {"uv": [0, 0, 2.5, 1], "texture": "#3"},
				"west": {"uv": [0, 0, 2.5, 1], "texture": "#3"},
				"up": {"uv": [0, 0, 2.5, 2.5], "texture": "#3"},
				"down": {"uv": [0, 0, 2.5, 2.5], "texture": "#3"}
			}
		},
		{
			"from": [7, 1.5, 7],
			"to": [9, 7.5, 9],
			"faces": {
				"north": {"uv": [0, 0, 2, 6], "texture": "#0"},
				"east": {"uv": [0, 0, 2, 6], "texture": "#0"},
				"south": {"uv": [0, 0, 2, 6], "texture": "#0"},
				"west": {"uv": [0, 0, 2, 6], "texture": "#0"},
				"up": {"uv": [0, 0, 2, 2], "texture": "#0"},
				"down": {"uv": [0, 0, 2, 2], "texture": "#0"}
			}
		},
		{
			"from": [7, 0, 7],
			"to": [9, 0.5, 9],
			"faces": {
				"north": {"uv": [0, 0, 2, 0.5], "texture": "#3"},
				"east": {"uv": [0, 0, 2, 0.5], "texture": "#3"},
				"south": {"uv": [0, 0, 2, 0.5], "texture": "#3"},
				"west": {"uv": [0, 0, 2, 0.5], "texture": "#3"},
				"up": {"uv": [0, 0, 2, 2], "texture": "#3"},
				"down": {"uv": [0, 0, 2, 2], "texture": "#3"}
			}
		},
		{
			"from": [6.75, 8.5, 6],
			"to": [9.25, 9.5, 7.5],
			"faces": {
				"north": {"uv": [0, 0, 2.5, 1], "texture": "#3"},
				"east": {"uv": [0, 0, 1.5, 1], "texture": "#3"},
				"south": {"uv": [0, 0, 2.5, 1], "texture": "#3"},
				"west": {"uv": [0, 0, 1.5, 1], "texture": "#3"},
				"up": {"uv": [0, 0, 2.5, 1.5], "texture": "#3"},
				"down": {"uv": [0, 0, 2.5, 1.5], "texture": "#3"}
			}
		},
		{
			"from": [6.75, 9.5, 7.25],
			"to": [9.25, 10, 8.75],
			"faces": {
				"north": {"uv": [0, 0, 2.5, 0.5], "texture": "#3"},
				"east": {"uv": [0, 0, 1.5, 0.5], "texture": "#3"},
				"south": {"uv": [0, 0, 2.5, 0.5], "texture": "#3"},
				"west": {"uv": [0, 0, 1.5, 0.5], "texture": "#3"},
				"up": {"uv": [0, 0, 2.5, 1.5], "texture": "#3"},
				"down": {"uv": [0, 0, 2.5, 1.5], "texture": "#3"}
			}
		},
		{
			"from": [6.75, 8.5, 8.5],
			"to": [9.25, 9.5, 10],
			"faces": {
				"north": {"uv": [0, 0, 2.5, 1], "texture": "#3"},
				"east": {"uv": [0, 0, 1.5, 1], "texture": "#3"},
				"south": {"uv": [0, 0, 2.5, 1], "texture": "#3"},
				"west": {"uv": [0, 0, 1.5, 1], "texture": "#3"},
				"up": {"uv": [0, 0, 2.5, 1.5], "texture": "#3"},
				"down": {"uv": [0, 0, 2.5, 1.5], "texture": "#3"}
			}
		},
		{
			"from": [7.5, 8.5, 6.75],
			"to": [8.5, 23.5, 9.25],
			"faces": {
				"north": {"uv": [4, 1, 5, 16], "texture": "#2"},
				"east": {"uv": [4, 1, 6.5, 16], "texture": "#2"},
				"south": {"uv": [4, 1, 5, 16], "texture": "#2"},
				"west": {"uv": [4, 1, 6.5, 16], "texture": "#2"},
				"up": {"uv": [4, 1, 5, 3.5], "texture": "#2"},
				"down": {"uv": [4, 1, 5, 3.5], "texture": "#2"}
			}
		},
		{
			"from": [7.5, 23.5, 7],
			"to": [8.5, 24.5, 9],
			"faces": {
				"north": {"uv": [4, 1, 5, 2], "texture": "#2"},
				"east": {"uv": [4, 1, 6, 2], "texture": "#2"},
				"south": {"uv": [4, 1, 5, 2], "texture": "#2"},
				"west": {"uv": [4, 1, 6, 2], "texture": "#2"},
				"up": {"uv": [4, 1, 5, 3], "texture": "#2"},
				"down": {"uv": [4, 1, 5, 3], "texture": "#2"}
			}
		},
		{
			"from": [7.5, 24.5, 7.25],
			"to": [8.5, 25.5, 8.75],
			"faces": {
				"north": {"uv": [4, 1, 5, 2], "texture": "#2"},
				"east": {"uv": [4, 1, 5.5, 2], "texture": "#2"},
				"south": {"uv": [4, 1, 5, 2], "texture": "#2"},
				"west": {"uv": [4, 1, 5.5, 2], "texture": "#2"},
				"up": {"uv": [4, 1, 5, 2.5], "texture": "#2"},
				"down": {"uv": [4, 1, 5, 2.5], "texture": "#2"}
			}
		},
		{
			"from": [7.5, 25.5, 7.5],
			"to": [8.5, 26.5, 8.5],
			"faces": {
				"north": {"uv": [4, 1, 5, 2], "texture": "#2"},
				"east": {"uv": [4, 1, 5, 2], "texture": "#2"},
				"south": {"uv": [4, 1, 5, 2], "texture": "#2"},
				"west": {"uv": [4, 1, 5, 2], "texture": "#2"},
				"up": {"uv": [4, 1, 5, 2], "texture": "#2"},
				"down": {"uv": [4, 1, 5, 2], "texture": "#2"}
			}
		},
		{
			"from": [7, 8.5, 7.5],
			"to": [9, 9.5, 8.5],
			"faces": {
				"north": {"uv": [0, 0, 2, 1], "texture": "#1"},
				"east": {"uv": [0, 0, 1, 1], "texture": "#1"},
				"south": {"uv": [0, 0, 2, 1], "texture": "#1"},
				"west": {"uv": [0, 0, 1, 1], "texture": "#1"},
				"up": {"uv": [0, 0, 2, 1], "texture": "#1"},
				"down": {"uv": [0, 0, 2, 1], "texture": "#1"}
			}
		}
	],
	"gui_light": "front",
	"display": {
		"thirdperson_righthand": {
			"translation": [0, 1, 1.5]
		},
		"thirdperson_lefthand": {
			"translation": [0, 1, 1.5]
		},
		"firstperson_righthand": {
			"translation": [0, 1, 0]
		},
		"firstperson_lefthand": {
			"translation": [0, 1, 0]
		},
		"ground": {
			"translation": [0, 3.75, 0]
		},
		"gui": {
			"rotation": [-90, 45, 90],
			"translation": [2.75, -2.75, 0],
			"scale": [0.8, 0.8, 0.8]
		},
		"head": {
			"translation": [0, 14.25, 0]
		},
		"fixed": {
			"rotation": [0, 90, 0]
		}
	}
}