{"parent":"minecraft:block/orientable","render_type":"cutout","computercraft:emissive_texture":"cursor","elements":[{"from":[0,0,0],"to":[16,16,16],"faces":{"down":{"texture":"#top","cullface":"down"},"up":{"texture":"#top","cullface":"up"},"north":{"texture":"#front","cullface":"north"},"south":{"texture":"#side","cullface":"south"},"west":{"texture":"#side","cullface":"west"},"east":{"texture":"#side","cullface":"east"}}},{"from":[0,0,0],"to":[16,16,16],"faces":{"north":{"texture":"#cursor","cullface":"north","neoforge_data":{"block_light":15,"sky_light":15}}}}]}