{"parent":"block/block","textures":{"particle":"#texture"},"elements":[{"from":[2,2,2],"to":[14,14,13],"faces":{"down":{"uv":[2.75,0,5.75,2.75],"texture":"#texture"},"up":{"uv":[5.75,0,8.75,2.75],"texture":"#texture"},"north":{"uv":[8.5,5.75,11.5,2.75],"texture":"#texture"},"south":{"uv":[2.75,5.75,5.75,2.75],"texture":"#texture"},"west":{"uv":[0,5.75,2.75,2.75],"texture":"#texture"},"east":{"uv":[5.75,5.75,8.5,2.75],"texture":"#texture"}}},{"from":[3,6,13],"to":[13,13,15],"faces":{"down":{"uv":[9.25,0,11.75,0.5],"texture":"#texture"},"up":{"uv":[11.75,0,14.25,0.5],"texture":"#texture"},"south":{"uv":[9.25,2.25,11.75,0.5],"texture":"#texture"},"west":{"uv":[8.75,2.25,9.25,0.5],"texture":"#texture"},"east":{"uv":[11.75,2.25,12.25,0.5],"texture":"#texture"}}},{"from":[1.5,1.5,1.5],"to":[14.5,14.5,13.5],"faces":{"down":{"uv":[2.75,8,5.75,10.75],"texture":"#texture"},"up":{"uv":[5.75,8,8.75,10.75],"texture":"#texture"},"north":{"uv":[8.5,13.75,11.5,10.75],"texture":"#texture"},"south":{"uv":[2.75,13.75,5.75,10.75],"texture":"#texture"},"west":{"uv":[0,13.75,2.75,10.75],"texture":"#texture"},"east":{"uv":[5.75,13.75,8.5,10.75],"texture":"#texture"}}}]}