{"parent":"minecraft:item/generated","textures":{"layer0":"minecraft:block/allium"},"overrides":[{"model":"polydecorations:sgui/elements/empty","predicate":{"custom_model_data":100001}},{"model":"polydecorations:sgui/elements/polydex","predicate":{"custom_model_data":100002}},{"model":"polydecorations:sgui/elements/next_page","predicate":{"custom_model_data":100003}},{"model":"polydecorations:sgui/elements/previous_page","predicate":{"custom_model_data":100004}},{"model":"polydecorations:sgui/elements/back","predicate":{"custom_model_data":100005}},{"model":"polyfactory:sgui/elements/empty","predicate":{"custom_model_data":100006}},{"model":"polyfactory:sgui/elements/polydex","predicate":{"custom_model_data":100007}},{"model":"polyfactory:sgui/elements/button/plus","predicate":{"custom_model_data":100008}},{"model":"polyfactory:sgui/elements/button/minus","predicate":{"custom_model_data":100009}},{"model":"polyfactory:sgui/elements/locked_slot","predicate":{"custom_model_data":100010}},{"model":"polyfactory:sgui/elements/gen/flame_1","predicate":{"custom_model_data":100011}},{"model":"polyfactory:sgui/elements/gen/flame_2","predicate":{"custom_model_data":100012}},{"model":"polyfactory:sgui/elements/gen/flame_3","predicate":{"custom_model_data":100013}},{"model":"polyfactory:sgui/elements/gen/flame_4","predicate":{"custom_model_data":100014}},{"model":"polyfactory:sgui/elements/gen/flame_5","predicate":{"custom_model_data":100015}},{"model":"polyfactory:sgui/elements/gen/flame_6","predicate":{"custom_model_data":100016}},{"model":"polyfactory:sgui/elements/gen/flame_7","predicate":{"custom_model_data":100017}},{"model":"polyfactory:sgui/elements/gen/flame_8","predicate":{"custom_model_data":100018}},{"model":"polyfactory:sgui/elements/gen/flame_9","predicate":{"custom_model_data":100019}},{"model":"polyfactory:sgui/elements/gen/flame_10","predicate":{"custom_model_data":100020}},{"model":"polyfactory:sgui/elements/gen/flame_11","predicate":{"custom_model_data":100021}},{"model":"polyfactory:sgui/elements/gen/flame_12","predicate":{"custom_model_data":100022}},{"model":"polyfactory:sgui/elements/gen/flame_13","predicate":{"custom_model_data":100023}},{"model":"polyfactory:sgui/elements/gen/flame_offset_right_9","predicate":{"custom_model_data":100024}},{"model":"polyfactory:sgui/elements/gen/flame_offset_right_10","predicate":{"custom_model_data":100025}},{"model":"polyfactory:sgui/elements/gen/flame_offset_right_11","predicate":{"custom_model_data":100026}},{"model":"polyfactory:sgui/elements/gen/flame_offset_right_12","predicate":{"custom_model_data":100027}},{"model":"polyfactory:sgui/elements/gen/flame_offset_right_13","predicate":{"custom_model_data":100028}},{"model":"polyfactory:sgui/elements/gen/flame_offset_right_14","predicate":{"custom_model_data":100029}},{"model":"polyfactory:sgui/elements/gen/flame_offset_right_15","predicate":{"custom_model_data":100030}},{"model":"polyfactory:sgui/elements/gen/flame_offset_right_16","predicate":{"custom_model_data":100031}},{"model":"polyfactory:sgui/elements/gen/flame_offset_right_17","predicate":{"custom_model_data":100032}},{"model":"polyfactory:sgui/elements/gen/flame_offset_right_18","predicate":{"custom_model_data":100033}},{"model":"polyfactory:sgui/elements/gen/flame_offset_right_19","predicate":{"custom_model_data":100034}},{"model":"polyfactory:sgui/elements/gen/flame_offset_right_20","predicate":{"custom_model_data":100035}},{"model":"polyfactory:sgui/elements/gen/flame_offset_right_21","predicate":{"custom_model_data":100036}},{"model":"polyfactory:sgui/elements/gen/progress_vertical_0","predicate":{"custom_model_data":100037}},{"model":"polyfactory:sgui/elements/gen/progress_vertical_1","predicate":{"custom_model_data":100038}},{"model":"polyfactory:sgui/elements/gen/progress_vertical_2","predicate":{"custom_model_data":100039}},{"model":"polyfactory:sgui/elements/gen/progress_vertical_3","predicate":{"custom_model_data":100040}},{"model":"polyfactory:sgui/elements/gen/progress_vertical_4","predicate":{"custom_model_data":100041}},{"model":"polyfactory:sgui/elements/gen/progress_vertical_5","predicate":{"custom_model_data":100042}},{"model":"polyfactory:sgui/elements/gen/progress_vertical_6","predicate":{"custom_model_data":100043}},{"model":"polyfactory:sgui/elements/gen/progress_vertical_7","predicate":{"custom_model_data":100044}},{"model":"polyfactory:sgui/elements/gen/progress_vertical_8","predicate":{"custom_model_data":100045}},{"model":"polyfactory:sgui/elements/gen/progress_vertical_9","predicate":{"custom_model_data":100046}},{"model":"polyfactory:sgui/elements/gen/progress_vertical_10","predicate":{"custom_model_data":100047}},{"model":"polyfactory:sgui/elements/gen/progress_vertical_11","predicate":{"custom_model_data":100048}},{"model":"polyfactory:sgui/elements/gen/progress_vertical_12","predicate":{"custom_model_data":100049}},{"model":"polyfactory:sgui/elements/gen/progress_vertical_13","predicate":{"custom_model_data":100050}},{"model":"polyfactory:sgui/elements/gen/progress_vertical_14","predicate":{"custom_model_data":100051}},{"model":"polyfactory:sgui/elements/gen/progress_horizontal_0","predicate":{"custom_model_data":100052}},{"model":"polyfactory:sgui/elements/gen/progress_horizontal_1","predicate":{"custom_model_data":100053}},{"model":"polyfactory:sgui/elements/gen/progress_horizontal_2","predicate":{"custom_model_data":100054}},{"model":"polyfactory:sgui/elements/gen/progress_horizontal_3","predicate":{"custom_model_data":100055}},{"model":"polyfactory:sgui/elements/gen/progress_horizontal_4","predicate":{"custom_model_data":100056}},{"model":"polyfactory:sgui/elements/gen/progress_horizontal_5","predicate":{"custom_model_data":100057}},{"model":"polyfactory:sgui/elements/gen/progress_horizontal_6","predicate":{"custom_model_data":100058}},{"model":"polyfactory:sgui/elements/gen/progress_horizontal_7","predicate":{"custom_model_data":100059}},{"model":"polyfactory:sgui/elements/gen/progress_horizontal_8","predicate":{"custom_model_data":100060}},{"model":"polyfactory:sgui/elements/gen/progress_horizontal_9","predicate":{"custom_model_data":100061}},{"model":"polyfactory:sgui/elements/gen/progress_horizontal_10","predicate":{"custom_model_data":100062}},{"model":"polyfactory:sgui/elements/gen/progress_horizontal_11","predicate":{"custom_model_data":100063}},{"model":"polyfactory:sgui/elements/gen/progress_horizontal_12","predicate":{"custom_model_data":100064}},{"model":"polyfactory:sgui/elements/gen/progress_horizontal_13","predicate":{"custom_model_data":100065}},{"model":"polyfactory:sgui/elements/gen/progress_horizontal_14","predicate":{"custom_model_data":100066}},{"model":"polyfactory:sgui/elements/gen/progress_horizontal_offset_right_6","predicate":{"custom_model_data":100067}},{"model":"polyfactory:sgui/elements/gen/progress_horizontal_offset_right_7","predicate":{"custom_model_data":100068}},{"model":"polyfactory:sgui/elements/gen/progress_horizontal_offset_right_8","predicate":{"custom_model_data":100069}},{"model":"polyfactory:sgui/elements/gen/progress_horizontal_offset_right_9","predicate":{"custom_model_data":100070}},{"model":"polyfactory:sgui/elements/gen/progress_horizontal_offset_right_10","predicate":{"custom_model_data":100071}},{"model":"polyfactory:sgui/elements/gen/progress_horizontal_offset_right_11","predicate":{"custom_model_data":100072}},{"model":"polyfactory:sgui/elements/gen/progress_horizontal_offset_right_12","predicate":{"custom_model_data":100073}},{"model":"polyfactory:sgui/elements/gen/progress_horizontal_offset_right_13","predicate":{"custom_model_data":100074}},{"model":"polyfactory:sgui/elements/gen/progress_horizontal_offset_right_14","predicate":{"custom_model_data":100075}},{"model":"polyfactory:sgui/elements/gen/progress_horizontal_offset_right_15","predicate":{"custom_model_data":100076}},{"model":"polyfactory:sgui/elements/gen/progress_horizontal_offset_right_16","predicate":{"custom_model_data":100077}},{"model":"polyfactory:sgui/elements/gen/progress_horizontal_offset_right_17","predicate":{"custom_model_data":100078}},{"model":"polyfactory:sgui/elements/gen/progress_horizontal_offset_right_18","predicate":{"custom_model_data":100079}},{"model":"polyfactory:sgui/elements/gen/progress_horizontal_offset_right_19","predicate":{"custom_model_data":100080}},{"model":"polyfactory:sgui/elements/gen/progress_horizontal_offset_right_20","predicate":{"custom_model_data":100081}},{"model":"polyfactory:sgui/elements/gen/progress_horizontal_offset_right_21","predicate":{"custom_model_data":100082}},{"model":"polyfactory:sgui/elements/gen/progress_horizontal_offset_right_22","predicate":{"custom_model_data":100083}},{"model":"polyfactory:sgui/elements/gen/progress_horizontal_offset_right_23","predicate":{"custom_model_data":100084}},{"model":"polyfactory:sgui/elements/gen/progress_horizontal_offset_right_24","predicate":{"custom_model_data":100085}},{"model":"polyfactory:sgui/elements/gen/progress_horizontal_offset_right_25","predicate":{"custom_model_data":100086}}]}