{"parent":"minecraft:item/generated","textures":{"layer0":"minecraft:item/brick"},"overrides":[{"model":"computercraft:block/turtle_modem_normal_off_right","predicate":{"custom_model_data":100001}},{"model":"computercraft:block/computer_advanced_on","predicate":{"custom_model_data":100002}},{"model":"computercraft:block/monitor_normal_l","predicate":{"custom_model_data":100003}},{"model":"computercraft:block/monitor_advanced_d","predicate":{"custom_model_data":100004}},{"model":"computercraft:block/monitor_advanced_ud","predicate":{"custom_model_data":100005}},{"model":"computercraft:block/wired_modem_on_peripheral","predicate":{"custom_model_data":100006}},{"model":"computercraft:item/wired_modem_full","predicate":{"custom_model_data":100007}},{"model":"polydecorations:block/birch_shelf_top","predicate":{"custom_model_data":100008}},{"model":"polydecorations:block/mangrove_shelf_double","predicate":{"custom_model_data":100009}},{"model":"polydecorations:block/spruce_bench_norest_right","predicate":{"custom_model_data":100010}},{"model":"polydecorations:block/acacia_bench_norest_middle","predicate":{"custom_model_data":100011}},{"model":"polydecorations:block/dark_oak_bench_left","predicate":{"custom_model_data":100012}},{"model":"polydecorations:block/warped_bench_right","predicate":{"custom_model_data":100013}},{"model":"polydecorations:block/bamboo_bench_middle","predicate":{"custom_model_data":100014}},{"model":"polydecorations:item/cherry_shelf","predicate":{"custom_model_data":100015}},{"model":"polydecorations:item/acacia_bench","predicate":{"custom_model_data":100016}},{"model":"polydecorations:item/birch_sign_post","predicate":{"custom_model_data":100017}},{"model":"polydecorations:block/statue/deepslate/head","predicate":{"custom_model_data":100018}},{"model":"polydecorations:block/statue/prismarine/right_arm","predicate":{"custom_model_data":100019}},{"model":"polydecorations:block/statue/quartz/head","predicate":{"custom_model_data":100020}},{"model":"polydecorations:block/statue/spruce/left_arm","predicate":{"custom_model_data":100021}},{"model":"polydecorations:block/statue/acacia/right_arm","predicate":{"custom_model_data":100022}},{"model":"polydecorations:block/statue/jungle/left_leg","predicate":{"custom_model_data":100023}},{"model":"polydecorations:block/statue/crimson/right_leg","predicate":{"custom_model_data":100024}},{"model":"polydecorations:item/mangrove_statue","predicate":{"custom_model_data":100025}},{"model":"polydecorations:item/sandstone_statue","predicate":{"custom_model_data":100026}},{"model":"polyfactory:item/sticky_conveyor","predicate":{"custom_model_data":100027}},{"model":"polyfactory:item/clutch","predicate":{"custom_model_data":100028}},{"model":"polyfactory:item/creative_motor","predicate":{"custom_model_data":100029}},{"model":"polyfactory:item/electric_motor","predicate":{"custom_model_data":100030}},{"model":"polyfactory:block/planter_output_2","predicate":{"custom_model_data":100031}}]}