{"parent":"item/generated","textures":{"layer0":"item/feather"},"display":{"head":{"rotation":[0,0,45],"translation":[-1,13,7],"scale":[1,1,1]}},"overrides":[{"model":"computercraft:block/turtle_modem_normal_on_right","predicate":{"custom_model_data":100001}},{"model":"computercraft:block/computer_advanced_blinking","predicate":{"custom_model_data":100002}},{"model":"computercraft:block/printer_both_full","predicate":{"custom_model_data":100003}},{"model":"computercraft:block/monitor_normal_u","predicate":{"custom_model_data":100004}},{"model":"computercraft:block/monitor_advanced_rud","predicate":{"custom_model_data":100005}},{"model":"computercraft:block/wired_modem_off_peripheral","predicate":{"custom_model_data":100006}},{"model":"computercraft:item/wireless_modem_normal","predicate":{"custom_model_data":100007}},{"model":"polydecorations:block/spruce_shelf_top","predicate":{"custom_model_data":100008}},{"model":"polydecorations:block/warped_shelf_double","predicate":{"custom_model_data":100009}},{"model":"polydecorations:block/spruce_bench_norest","predicate":{"custom_model_data":100010}},{"model":"polydecorations:block/acacia_bench_norest_left","predicate":{"custom_model_data":100011}},{"model":"polydecorations:block/jungle_bench_norest_right","predicate":{"custom_model_data":100012}},{"model":"polydecorations:block/crimson_bench_norest_middle","predicate":{"custom_model_data":100013}},{"model":"polydecorations:block/bamboo_bench_left","predicate":{"custom_model_data":100014}},{"model":"polydecorations:item/spruce_shelf","predicate":{"custom_model_data":100015}},{"model":"polydecorations:item/warped_bench","predicate":{"custom_model_data":100016}},{"model":"polydecorations:item/oak_sign_post","predicate":{"custom_model_data":100017}},{"model":"polydecorations:block/statue/stone/left_leg","predicate":{"custom_model_data":100018}},{"model":"polydecorations:block/statue/prismarine/body","predicate":{"custom_model_data":100019}},{"model":"polydecorations:block/statue/red_sandstone/left_leg","predicate":{"custom_model_data":100020}},{"model":"polydecorations:block/statue/spruce/head","predicate":{"custom_model_data":100021}},{"model":"polydecorations:block/statue/acacia/body","predicate":{"custom_model_data":100022}},{"model":"polydecorations:block/statue/jungle/left_arm","predicate":{"custom_model_data":100023}},{"model":"polydecorations:block/statue/crimson/right_arm","predicate":{"custom_model_data":100024}},{"model":"polydecorations:block/statue/mangrove/left_leg","predicate":{"custom_model_data":100025}},{"model":"polydecorations:item/blackstone_statue","predicate":{"custom_model_data":100026}},{"model":"polyfactory:item/wrench","predicate":{"custom_model_data":100027}},{"model":"polyfactory:item/axle","predicate":{"custom_model_data":100028}},{"model":"polyfactory:item/treated_dried_kelp","predicate":{"custom_model_data":100029}},{"model":"polyfactory:item/wireless_redstone_receiver","predicate":{"custom_model_data":100030}},{"model":"polyfactory:block/axle_short","predicate":{"custom_model_data":100031}}]}