{"parent":"minecraft:item/generated","overrides":[{"model":"minecraft:item/leather_chestplate_quartz_trim","predicate":{"trim_type":0.1}},{"model":"minecraft:item/leather_chestplate_iron_trim","predicate":{"trim_type":0.2}},{"model":"minecraft:item/leather_chestplate_netherite_trim","predicate":{"trim_type":0.3}},{"model":"minecraft:item/leather_chestplate_redstone_trim","predicate":{"trim_type":0.4}},{"model":"minecraft:item/leather_chestplate_copper_trim","predicate":{"trim_type":0.5}},{"model":"minecraft:item/leather_chestplate_gold_trim","predicate":{"trim_type":0.6}},{"model":"minecraft:item/leather_chestplate_emerald_trim","predicate":{"trim_type":0.7}},{"model":"minecraft:item/leather_chestplate_diamond_trim","predicate":{"trim_type":0.8}},{"model":"minecraft:item/leather_chestplate_lapis_trim","predicate":{"trim_type":0.9}},{"model":"minecraft:item/leather_chestplate_amethyst_trim","predicate":{"trim_type":1.0}},{"model":"polyfactory:block/gen/cable/1","predicate":{"custom_model_data":100001}},{"model":"polyfactory:block/gen/cable/6","predicate":{"custom_model_data":100002}},{"model":"polyfactory:block/gen/cable/11","predicate":{"custom_model_data":100003}},{"model":"polyfactory:block/gen/cable/16","predicate":{"custom_model_data":100004}},{"model":"polyfactory:block/gen/cable/21","predicate":{"custom_model_data":100005}},{"model":"polyfactory:block/gen/cable/26","predicate":{"custom_model_data":100006}},{"model":"polyfactory:block/gen/cable/31","predicate":{"custom_model_data":100007}},{"model":"polyfactory:block/gen/cable/36","predicate":{"custom_model_data":100008}},{"model":"polyfactory:block/gen/cable/41","predicate":{"custom_model_data":100009}},{"model":"polyfactory:block/gen/cable/46","predicate":{"custom_model_data":100010}},{"model":"polyfactory:block/gen/cable/51","predicate":{"custom_model_data":100011}},{"model":"polyfactory:block/gen/cable/56","predicate":{"custom_model_data":100012}},{"model":"polyfactory:block/gen/cable/61","predicate":{"custom_model_data":100013}}],"textures":{"layer0":"minecraft:item/leather_chestplate","layer1":"minecraft:item/leather_chestplate_overlay"}}