{"parent":"minecraft:item/generated","overrides":[{"model":"minecraft:item/leather_helmet_quartz_trim","predicate":{"trim_type":0.1}},{"model":"minecraft:item/leather_helmet_iron_trim","predicate":{"trim_type":0.2}},{"model":"minecraft:item/leather_helmet_netherite_trim","predicate":{"trim_type":0.3}},{"model":"minecraft:item/leather_helmet_redstone_trim","predicate":{"trim_type":0.4}},{"model":"minecraft:item/leather_helmet_copper_trim","predicate":{"trim_type":0.5}},{"model":"minecraft:item/leather_helmet_gold_trim","predicate":{"trim_type":0.6}},{"model":"minecraft:item/leather_helmet_emerald_trim","predicate":{"trim_type":0.7}},{"model":"minecraft:item/leather_helmet_diamond_trim","predicate":{"trim_type":0.8}},{"model":"minecraft:item/leather_helmet_lapis_trim","predicate":{"trim_type":0.9}},{"model":"minecraft:item/leather_helmet_amethyst_trim","predicate":{"trim_type":1.0}},{"model":"polyfactory:block/gen/cable/0","predicate":{"custom_model_data":100001}},{"model":"polyfactory:block/gen/cable/5","predicate":{"custom_model_data":100002}},{"model":"polyfactory:block/gen/cable/10","predicate":{"custom_model_data":100003}},{"model":"polyfactory:block/gen/cable/15","predicate":{"custom_model_data":100004}},{"model":"polyfactory:block/gen/cable/20","predicate":{"custom_model_data":100005}},{"model":"polyfactory:block/gen/cable/25","predicate":{"custom_model_data":100006}},{"model":"polyfactory:block/gen/cable/30","predicate":{"custom_model_data":100007}},{"model":"polyfactory:block/gen/cable/35","predicate":{"custom_model_data":100008}},{"model":"polyfactory:block/gen/cable/40","predicate":{"custom_model_data":100009}},{"model":"polyfactory:block/gen/cable/45","predicate":{"custom_model_data":100010}},{"model":"polyfactory:block/gen/cable/50","predicate":{"custom_model_data":100011}},{"model":"polyfactory:block/gen/cable/55","predicate":{"custom_model_data":100012}},{"model":"polyfactory:block/gen/cable/60","predicate":{"custom_model_data":100013}},{"model":"polyfactory:block/redstone_output_overlay","predicate":{"custom_model_data":100014}},{"model":"polyfactory:block/redstone_input_overlay","predicate":{"custom_model_data":100015}}],"textures":{"layer0":"minecraft:item/leather_helmet","layer1":"minecraft:item/leather_helmet_overlay"}}