{"parent":"minecraft:item/generated","textures":{"layer0":"minecraft:item/phantom_membrane"},"overrides":[{"model":"computercraft:block/turtle_crafting_table_right","predicate":{"custom_model_data":100001}},{"model":"computercraft:block/disk_drive_full","predicate":{"custom_model_data":100002}},{"model":"computercraft:block/monitor_normal","predicate":{"custom_model_data":100003}},{"model":"computercraft:block/monitor_advanced_lud","predicate":{"custom_model_data":100004}},{"model":"computercraft:block/wired_modem_full_on_peripheral","predicate":{"custom_model_data":100005}},{"model":"computercraft:item/pocket_computer_advanced_blinking","predicate":{"custom_model_data":100006}},{"model":"computercraft:item/speaker","predicate":{"custom_model_data":100007}},{"model":"polydecorations:block/dark_oak_shelf_top","predicate":{"custom_model_data":100008}},{"model":"polydecorations:block/oak_bench_norest_right","predicate":{"custom_model_data":100009}},{"model":"polydecorations:block/birch_bench_norest_middle","predicate":{"custom_model_data":100010}},{"model":"polydecorations:block/jungle_bench_left","predicate":{"custom_model_data":100011}},{"model":"polydecorations:block/crimson_bench_right","predicate":{"custom_model_data":100012}},{"model":"polydecorations:block/mangrove_bench_middle","predicate":{"custom_model_data":100013}},{"model":"polydecorations:item/soul_brazier","predicate":{"custom_model_data":100014}},{"model":"polydecorations:item/bamboo_bench","predicate":{"custom_model_data":100015}},{"model":"polydecorations:item/dark_oak_mailbox","predicate":{"custom_model_data":100016}},{"model":"polydecorations:item/bamboo_sign_post","predicate":{"custom_model_data":100017}},{"model":"polydecorations:block/statue/blackstone/left_arm","predicate":{"custom_model_data":100018}},{"model":"polydecorations:block/statue/sandstone/right_leg","predicate":{"custom_model_data":100019}},{"model":"polydecorations:block/statue/oak/left_arm","predicate":{"custom_model_data":100020}},{"model":"polydecorations:block/statue/birch/right_arm","predicate":{"custom_model_data":100021}},{"model":"polydecorations:block/statue/cherry/left_leg","predicate":{"custom_model_data":100022}},{"model":"polydecorations:block/statue/dark_oak/right_leg","predicate":{"custom_model_data":100023}},{"model":"polydecorations:item/warped_statue","predicate":{"custom_model_data":100024}},{"model":"polydecorations:item/display_case","predicate":{"custom_model_data":100025}},{"model":"polydecorations:block/globe_base","predicate":{"custom_model_data":100026}},{"model":"polyfactory:item/crafter","predicate":{"custom_model_data":100027}},{"model":"polyfactory:item/steel_ingot","predicate":{"custom_model_data":100028}},{"model":"polyfactory:item/redstone_output","predicate":{"custom_model_data":100029}},{"model":"polyfactory:item/crushed_raw_iron","predicate":{"custom_model_data":100030}}]}