{"parent":"minecraft:item/generated","textures":{"layer0":"minecraft:item/rabbit_foot"},"overrides":[{"model":"computercraft:block/turtle_crafting_table_left","predicate":{"custom_model_data":100001}},{"model":"computercraft:block/disk_drive_empty","predicate":{"custom_model_data":100002}},{"model":"computercraft:block/monitor_normal_lud","predicate":{"custom_model_data":100003}},{"model":"computercraft:block/monitor_advanced_lu","predicate":{"custom_model_data":100004}},{"model":"computercraft:block/wired_modem_full_on","predicate":{"custom_model_data":100005}},{"model":"computercraft:item/pocket_computer_advanced_on","predicate":{"custom_model_data":100006}},{"model":"computercraft:item/printed_book","predicate":{"custom_model_data":100007}},{"model":"polydecorations:block/jungle_shelf_double","predicate":{"custom_model_data":100008}},{"model":"polydecorations:block/oak_bench_norest_left","predicate":{"custom_model_data":100009}},{"model":"polydecorations:block/birch_bench_norest_right","predicate":{"custom_model_data":100010}},{"model":"polydecorations:block/cherry_bench_norest_middle","predicate":{"custom_model_data":100011}},{"model":"polydecorations:block/crimson_bench_left","predicate":{"custom_model_data":100012}},{"model":"polydecorations:block/mangrove_bench_right","predicate":{"custom_model_data":100013}},{"model":"polydecorations:item/brazier","predicate":{"custom_model_data":100014}},{"model":"polydecorations:item/mangrove_bench","predicate":{"custom_model_data":100015}},{"model":"polydecorations:item/cherry_mailbox","predicate":{"custom_model_data":100016}},{"model":"polydecorations:item/mangrove_sign_post","predicate":{"custom_model_data":100017}},{"model":"polydecorations:block/statue/blackstone/body","predicate":{"custom_model_data":100018}},{"model":"polydecorations:block/statue/sandstone/left_leg","predicate":{"custom_model_data":100019}},{"model":"polydecorations:block/statue/oak/body","predicate":{"custom_model_data":100020}},{"model":"polydecorations:block/statue/birch/left_arm","predicate":{"custom_model_data":100021}},{"model":"polydecorations:block/statue/cherry/right_arm","predicate":{"custom_model_data":100022}},{"model":"polydecorations:block/statue/dark_oak/left_leg","predicate":{"custom_model_data":100023}},{"model":"polydecorations:block/statue/warped/right_leg","predicate":{"custom_model_data":100024}},{"model":"polydecorations:item/bamboo_statue","predicate":{"custom_model_data":100025}},{"model":"polydecorations:block/unlit_brazier","predicate":{"custom_model_data":100026}},{"model":"polyfactory:item/press","predicate":{"custom_model_data":100027}},{"model":"polyfactory:item/steel_alloy_mixture","predicate":{"custom_model_data":100028}},{"model":"polyfactory:item/redstone_input","predicate":{"custom_model_data":100029}},{"model":"polyfactory:item/frame","predicate":{"custom_model_data":100030}}]}