{
	"credit": "Made with Blockbench",
	"display": {
		"thirdperson_righthand": {
			"rotation": [-90, 0, 0],
			"translation": [7, 5, -5]
		},
		"thirdperson_lefthand": {
			"rotation": [-90, 0, 0],
			"translation": [-7, 5, -5]
		},
		"firstperson_righthand": {
			"rotation": [-85, -1, 0],
			"translation": [5.5, 10, 0],
			"scale": [0.85, 0.85, 0.85]
		},
		"firstperson_lefthand": {
			"rotation": [-85, -1, 0],
			"translation": [-5.5, 10, 0],
			"scale": [0.85, 0.85, 0.85]
		},
		"ground": {
			"translation": [7, 4, 7.5]
		},
		"gui": {
			"rotation": [0, 0, 45],
			"translation": [4.75, 0, 0],
			"scale": [0.5, 0.5, 0.5]
		},
		"fixed": {
			"rotation": [0, 0, -45],
			"translation": [-0.5, -5.25, 3.5],
			"scale": [0.5, 0.5, 0.5]
		}
	}
}