{"allium":{"polydecorations:sgui/elements/empty":100001,"polydecorations:sgui/elements/polydex":100002,"polydecorations:sgui/elements/next_page":100003,"polydecorations:sgui/elements/previous_page":100004,"polydecorations:sgui/elements/back":100005},"brick":{"computercraft:block/turtle_modem_normal_off_right":100001,"computercraft:block/computer_advanced_on":100002,"computercraft:block/monitor_normal_l":100003,"computercraft:block/monitor_advanced_d":100004,"computercraft:block/monitor_advanced_ud":100005,"computercraft:block/wired_modem_on_peripheral":100006,"computercraft:item/wired_modem_full":100007,"polydecorations:block/birch_shelf_top":100008,"polydecorations:block/mangrove_shelf_double":100009,"polydecorations:block/spruce_bench_norest_right":100010,"polydecorations:block/acacia_bench_norest_middle":100011,"polydecorations:block/dark_oak_bench_left":100012,"polydecorations:block/warped_bench_right":100013,"polydecorations:block/bamboo_bench_middle":100014,"polydecorations:item/oak_shelf":100015,"polydecorations:item/birch_bench":100016,"polydecorations:item/birch_sign_post":100017,"polydecorations:block/statue/deepslate/head":100018,"polydecorations:block/statue/prismarine/right_arm":100019,"polydecorations:block/statue/quartz/head":100020,"polydecorations:block/statue/spruce/left_arm":100021,"polydecorations:block/statue/acacia/right_arm":100022,"polydecorations:block/statue/jungle/left_leg":100023,"polydecorations:block/statue/crimson/right_leg":100024,"polydecorations:item/mangrove_statue":100025,"polydecorations:item/sandstone_statue":100026},"clay_ball":{"computercraft:block/turtle_modem_advanced_off_left":100001,"computercraft:block/computer_command_on":100002,"computercraft:block/monitor_normal_lrd":100003,"computercraft:block/monitor_advanced_lr":100004,"computercraft:block/wireless_modem_advanced_off":100005,"computercraft:item/computer_command":100006,"computercraft:item/pocket_computer_normal":100007,"polydecorations:block/acacia_shelf_double":100008,"polydecorations:block/oak_bench_left":100009,"polydecorations:block/birch_bench_right":100010,"polydecorations:block/cherry_bench_middle":100011,"polydecorations:block/dark_oak_bench_norest":100012,"polydecorations:block/warped_bench_norest_left":100013,"polydecorations:block/bamboo_bench_norest_right":100014,"polydecorations:item/warped_shelf":100015,"polydecorations:item/spruce_mailbox":100016,"polydecorations:item/jungle_sign_post":100017,"polydecorations:block/statue/deepslate/right_arm":100018,"polydecorations:block/statue/sandstone/head":100019,"polydecorations:block/statue/quartz/right_arm":100020,"polydecorations:block/statue/spruce/right_leg":100021,"polydecorations:item/acacia_statue":100022,"polydecorations:block/statue/dark_oak/head":100023,"polydecorations:block/statue/warped/body":100024,"polydecorations:block/statue/bamboo/left_arm":100025,"polydecorations:item/ghost_light":100026},"feather":{"computercraft:block/turtle_modem_normal_on_right":100001,"computercraft:block/computer_advanced_blinking":100002,"computercraft:block/printer_both_full":100003,"computercraft:block/monitor_normal_u":100004,"computercraft:block/monitor_advanced_rud":100005,"computercraft:block/wired_modem_off_peripheral":100006,"computercraft:item/wireless_modem_normal":100007,"polydecorations:block/spruce_shelf_top":100008,"polydecorations:block/warped_shelf_double":100009,"polydecorations:block/spruce_bench_norest":100010,"polydecorations:block/acacia_bench_norest_left":100011,"polydecorations:block/jungle_bench_norest_right":100012,"polydecorations:block/crimson_bench_norest_middle":100013,"polydecorations:block/bamboo_bench_left":100014,"polydecorations:item/acacia_shelf":100015,"polydecorations:item/dark_oak_bench":100016,"polydecorations:item/oak_sign_post":100017,"polydecorations:block/statue/stone/left_leg":100018,"polydecorations:block/statue/prismarine/body":100019,"polydecorations:block/statue/red_sandstone/left_leg":100020,"polydecorations:block/statue/spruce/head":100021,"polydecorations:block/statue/acacia/body":100022,"polydecorations:block/statue/jungle/left_arm":100023,"polydecorations:block/statue/crimson/right_arm":100024,"polydecorations:block/statue/mangrove/left_leg":100025,"polydecorations:item/blackstone_statue":100026},"filled_map":{"computercraft:item/pocket_computer_normal_on":100001,"computercraft:item/pocket_computer_normal_blinking":100002,"computercraft:item/pocket_computer_colour_on":100003,"computercraft:item/pocket_computer_colour_blinking":100004,"computercraft:item/pocket_computer_advanced_on":100005,"computercraft:item/pocket_computer_advanced_blinking":100006},"firework_star":{"computercraft:block/turtle_colour":100001,"computercraft:item/pocket_computer_colour":100002,"computercraft:item/pocket_computer_colour_on":100003,"computercraft:item/pocket_computer_colour_blinking":100004,"computercraft:item/disk":100005},"flint":{"computercraft:block/turtle_modem_advanced_on_right":100001,"computercraft:block/computer_command_off":100002,"computercraft:block/monitor_normal_lr":100003,"computercraft:block/monitor_advanced_ld":100004,"computercraft:block/wireless_modem_normal_on":100005,"computercraft:item/computer_advanced":100006,"computercraft:item/wired_modem":100007,"polydecorations:block/acacia_shelf_top":100008,"polydecorations:block/bamboo_shelf_double":100009,"polydecorations:block/birch_bench_left":100010,"polydecorations:block/cherry_bench_right":100011,"polydecorations:block/dark_oak_bench_middle":100012,"polydecorations:block/warped_bench_norest":100013,"polydecorations:block/bamboo_bench_norest_left":100014,"polydecorations:item/dark_oak_shelf":100015,"polydecorations:item/jungle_mailbox":100016,"polydecorations:item/cherry_sign_post":100017,"polydecorations:block/statue/deepslate/left_arm":100018,"polydecorations:block/statue/prismarine/right_leg":100019,"polydecorations:block/statue/quartz/left_arm":100020,"polydecorations:block/statue/spruce/left_leg":100021,"polydecorations:block/statue/acacia/right_leg":100022,"polydecorations:item/jungle_statue":100023,"polydecorations:block/statue/warped/head":100024,"polydecorations:block/statue/bamboo/body":100025,"polydecorations:item/quartz_statue":100026},"ghast_tear":{"computercraft:block/computer_normal_off":100001,"computercraft:block/printer_top_full":100002,"computercraft:block/monitor_normal_ru":100003,"computercraft:block/monitor_advanced_rd":100004,"computercraft:block/cable_arm":100005,"computercraft:item/monitor_normal":100006,"polydecorations:block/oak_shelf_top":100007,"polydecorations:block/crimson_shelf_double":100008,"polydecorations:block/spruce_bench_right":100009,"polydecorations:block/acacia_bench_middle":100010,"polydecorations:block/jungle_bench_norest":100011,"polydecorations:block/crimson_bench_norest_left":100012,"polydecorations:block/mangrove_bench_norest_right":100013,"polydecorations:item/spruce_shelf":100014,"polydecorations:item/oak_bench":100015,"polydecorations:item/birch_mailbox":100016,"polydecorations:block/statue/stone/left_arm":100017,"polydecorations:block/statue/blackstone/right_leg":100018,"polydecorations:block/statue/red_sandstone/left_arm":100019,"polydecorations:block/statue/oak/right_leg":100020,"polydecorations:item/birch_statue":100021,"polydecorations:block/statue/jungle/head":100022,"polydecorations:block/statue/crimson/body":100023,"polydecorations:block/statue/mangrove/left_arm":100024,"polydecorations:item/stone_statue":100025,"computercraft:block/turtle_rainbow_overlay":100026},"gunpowder":{"computercraft:block/turtle_elf_overlay":100001,"computercraft:block/disk_drive_invalid":100002,"computercraft:block/monitor_normal_r":100003,"computercraft:block/monitor_advanced":100004,"computercraft:block/cable_core_facing":100005,"computercraft:item/turtle_normal":100006,"computercraft:item/disk_drive":100007,"polydecorations:block/dark_oak_shelf_double":100008,"polydecorations:block/oak_bench_norest_middle":100009,"polydecorations:block/acacia_bench_left":100010,"polydecorations:block/jungle_bench_right":100011,"polydecorations:block/crimson_bench_middle":100012,"polydecorations:block/mangrove_bench_norest":100013,"polydecorations:item/globe":100014,"polydecorations:item/acacia_bench":100015,"polydecorations:item/dark_oak_mailbox":100016,"polydecorations:block/statue/stone/head":100017,"polydecorations:block/statue/blackstone/right_arm":100018,"polydecorations:block/statue/red_sandstone/head":100019,"polydecorations:block/statue/oak/right_arm":100020,"polydecorations:block/statue/birch/left_leg":100021,"polydecorations:block/statue/cherry/right_leg":100022,"polydecorations:item/dark_oak_statue":100023,"polydecorations:block/statue/mangrove/head":100024,"polydecorations:item/large_flower_pot":100025,"polydecorations:block/globe_earth":100026},"leather":{"computercraft:block/turtle_speaker_left":100001,"computercraft:block/turtle_advanced":100002,"computercraft:block/monitor_normal_lrud":100003,"computercraft:block/monitor_advanced_lru":100004,"computercraft:block/wired_modem_full_off":100005,"computercraft:item/pocket_computer_normal_blinking":100006,"computercraft:item/printed_page":100007,"polydecorations:block/cherry_shelf_double":100008,"polydecorations:block/oak_bench_middle":100009,"polydecorations:block/birch_bench_norest":100010,"polydecorations:block/cherry_bench_norest_left":100011,"polydecorations:block/dark_oak_bench_norest_right":100012,"polydecorations:block/warped_bench_norest_middle":100013,"polydecorations:block/mailbox_flag":100014,"polydecorations:item/cherry_shelf":100015,"polydecorations:item/acacia_mailbox":100016,"polydecorations:item/crimson_sign_post":100017,"polydecorations:block/statue/deepslate/right_leg":100018,"polydecorations:block/statue/sandstone/left_arm":100019,"polydecorations:block/statue/quartz/right_leg":100020,"polydecorations:block/statue/birch/head":100021,"polydecorations:block/statue/cherry/body":100022,"polydecorations:block/statue/dark_oak/left_arm":100023,"polydecorations:block/statue/warped/right_arm":100024,"polydecorations:block/statue/bamboo/left_leg":100025,"polydecorations:block/lantern_support_wall":100026},"nether_brick":{"computercraft:block/turtle_modem_advanced_on_left":100001,"computercraft:block/computer_command_blinking":100002,"computercraft:block/monitor_normal_ld":100003,"computercraft:block/monitor_advanced_l":100004,"computercraft:block/wireless_modem_normal_off":100005,"computercraft:item/computer_normal":100006,"computercraft:item/cable":100007,"polydecorations:block/birch_shelf_double":100008,"polydecorations:block/bamboo_shelf_top":100009,"polydecorations:block/spruce_bench_norest_middle":100010,"polydecorations:block/cherry_bench_left":100011,"polydecorations:block/dark_oak_bench_right":100012,"polydecorations:block/warped_bench_middle":100013,"polydecorations:block/bamboo_bench_norest":100014,"polydecorations:item/bamboo_shelf":100015,"polydecorations:item/cherry_bench":100016,"polydecorations:item/acacia_sign_post":100017,"polydecorations:block/statue/deepslate/body":100018,"polydecorations:block/statue/prismarine/left_leg":100019,"polydecorations:block/statue/quartz/body":100020,"polydecorations:block/statue/spruce/right_arm":100021,"polydecorations:block/statue/acacia/left_leg":100022,"polydecorations:block/statue/jungle/right_leg":100023,"polydecorations:item/crimson_statue":100024,"polydecorations:block/statue/bamboo/head":100025,"polydecorations:item/red_sandstone_statue":100026},"paper":{"computercraft:block/turtle_modem_normal_on_left":100001,"computercraft:block/computer_normal_on":100002,"computercraft:block/printer_bottom_full":100003,"computercraft:block/monitor_normal_rud":100004,"computercraft:block/monitor_advanced_ru":100005,"computercraft:block/wired_modem_off":100006,"computercraft:item/monitor_advanced":100007,"polydecorations:block/oak_shelf_double":100008,"polydecorations:block/warped_shelf_top":100009,"polydecorations:block/spruce_bench_middle":100010,"polydecorations:block/acacia_bench_norest":100011,"polydecorations:block/jungle_bench_norest_left":100012,"polydecorations:block/crimson_bench_norest_right":100013,"polydecorations:block/mangrove_bench_norest_middle":100014,"polydecorations:item/crimson_shelf":100015,"polydecorations:item/bamboo_bench":100016,"polydecorations:item/cherry_mailbox":100017,"polydecorations:block/statue/stone/right_arm":100018,"polydecorations:block/statue/prismarine/head":100019,"polydecorations:block/statue/red_sandstone/right_arm":100020,"polydecorations:item/oak_statue":100021,"polydecorations:block/statue/acacia/head":100022,"polydecorations:block/statue/jungle/body":100023,"polydecorations:block/statue/crimson/left_arm":100024,"polydecorations:block/statue/mangrove/right_arm":100025,"polydecorations:item/deepslate_statue":100026,"computercraft:block/turtle_trans_overlay":100027},"phantom_membrane":{"computercraft:block/turtle_crafting_table_right":100001,"computercraft:block/disk_drive_full":100002,"computercraft:block/monitor_normal":100003,"computercraft:block/monitor_advanced_lud":100004,"computercraft:block/wired_modem_full_on_peripheral":100005,"computercraft:item/pocket_computer_advanced_blinking":100006,"computercraft:item/speaker":100007,"polydecorations:block/dark_oak_shelf_top":100008,"polydecorations:block/oak_bench_norest_right":100009,"polydecorations:block/birch_bench_norest_middle":100010,"polydecorations:block/jungle_bench_left":100011,"polydecorations:block/crimson_bench_right":100012,"polydecorations:block/mangrove_bench_middle":100013,"polydecorations:item/soul_brazier":100014,"polydecorations:item/crimson_bench":100015,"polydecorations:item/bamboo_mailbox":100016,"polydecorations:item/bamboo_sign_post":100017,"polydecorations:block/statue/blackstone/left_arm":100018,"polydecorations:block/statue/sandstone/right_leg":100019,"polydecorations:block/statue/oak/left_arm":100020,"polydecorations:block/statue/birch/right_arm":100021,"polydecorations:block/statue/cherry/left_leg":100022,"polydecorations:block/statue/dark_oak/right_leg":100023,"polydecorations:item/warped_statue":100024,"polydecorations:item/display_case":100025,"polydecorations:block/globe_base":100026},"popped_chorus_fruit":{"computercraft:block/turtle_modem_normal_off_left":100001,"computercraft:block/computer_advanced_off":100002,"computercraft:block/monitor_normal_d":100003,"computercraft:block/monitor_normal_ud":100004,"computercraft:block/monitor_advanced_u":100005,"computercraft:block/wired_modem_on":100006,"computercraft:item/wireless_modem_advanced":100007,"polydecorations:block/spruce_shelf_double":100008,"polydecorations:block/mangrove_shelf_top":100009,"polydecorations:block/spruce_bench_norest_left":100010,"polydecorations:block/acacia_bench_norest_right":100011,"polydecorations:block/jungle_bench_norest_middle":100012,"polydecorations:block/warped_bench_left":100013,"polydecorations:block/bamboo_bench_right":100014,"polydecorations:item/mangrove_shelf":100015,"polydecorations:item/warped_bench":100016,"polydecorations:item/spruce_sign_post":100017,"polydecorations:block/statue/stone/right_leg":100018,"polydecorations:block/statue/prismarine/left_arm":100019,"polydecorations:block/statue/red_sandstone/right_leg":100020,"polydecorations:block/statue/spruce/body":100021,"polydecorations:block/statue/acacia/left_arm":100022,"polydecorations:block/statue/jungle/right_arm":100023,"polydecorations:block/statue/crimson/left_leg":100024,"polydecorations:block/statue/mangrove/right_leg":100025,"polydecorations:item/prismarine_statue":100026},"rabbit_foot":{"computercraft:block/turtle_crafting_table_left":100001,"computercraft:block/disk_drive_empty":100002,"computercraft:block/monitor_normal_lud":100003,"computercraft:block/monitor_advanced_lu":100004,"computercraft:block/wired_modem_full_on":100005,"computercraft:item/pocket_computer_advanced_on":100006,"computercraft:item/printed_book":100007,"polydecorations:block/jungle_shelf_double":100008,"polydecorations:block/oak_bench_norest_left":100009,"polydecorations:block/birch_bench_norest_right":100010,"polydecorations:block/cherry_bench_norest_middle":100011,"polydecorations:block/crimson_bench_left":100012,"polydecorations:block/mangrove_bench_right":100013,"polydecorations:item/brazier":100014,"polydecorations:item/spruce_bench":100015,"polydecorations:item/oak_mailbox":100016,"polydecorations:item/mangrove_sign_post":100017,"polydecorations:block/statue/blackstone/body":100018,"polydecorations:block/statue/sandstone/left_leg":100019,"polydecorations:block/statue/oak/body":100020,"polydecorations:block/statue/birch/left_arm":100021,"polydecorations:block/statue/cherry/right_arm":100022,"polydecorations:block/statue/dark_oak/left_leg":100023,"polydecorations:block/statue/warped/right_leg":100024,"polydecorations:item/bamboo_statue":100025,"polydecorations:block/unlit_brazier":100026},"rabbit_hide":{"computercraft:block/turtle_speaker_right":100001,"computercraft:block/speaker":100002,"computercraft:block/monitor_normal_lu":100003,"computercraft:block/monitor_advanced_lrud":100004,"computercraft:block/wired_modem_full_off_peripheral":100005,"computercraft:item/pocket_computer_advanced":100006,"computercraft:item/printed_pages":100007,"polydecorations:block/jungle_shelf_top":100008,"polydecorations:block/oak_bench_norest":100009,"polydecorations:block/birch_bench_norest_left":100010,"polydecorations:block/cherry_bench_norest_right":100011,"polydecorations:block/dark_oak_bench_norest_middle":100012,"polydecorations:block/mangrove_bench_left":100013,"polydecorations:item/mod_icon":100014,"polydecorations:item/jungle_bench":100015,"polydecorations:item/mangrove_mailbox":100016,"polydecorations:item/warped_sign_post":100017,"polydecorations:block/statue/blackstone/head":100018,"polydecorations:block/statue/sandstone/right_arm":100019,"polydecorations:block/statue/oak/head":100020,"polydecorations:block/statue/birch/body":100021,"polydecorations:block/statue/cherry/left_arm":100022,"polydecorations:block/statue/dark_oak/right_arm":100023,"polydecorations:block/statue/warped/left_leg":100024,"polydecorations:block/statue/bamboo/right_leg":100025,"polydecorations:block/lantern_support_fence":100026},"scute":{"computercraft:block/turtle_modem_advanced_off_right":100001,"computercraft:block/turtle_normal":100002,"computercraft:block/monitor_normal_lru":100003,"computercraft:block/monitor_advanced_lrd":100004,"computercraft:block/wireless_modem_advanced_on":100005,"computercraft:item/pocket_computer_normal_on":100006,"computercraft:item/treasure_disk":100007,"polydecorations:block/cherry_shelf_top":100008,"polydecorations:block/oak_bench_right":100009,"polydecorations:block/birch_bench_middle":100010,"polydecorations:block/cherry_bench_norest":100011,"polydecorations:block/dark_oak_bench_norest_left":100012,"polydecorations:block/warped_bench_norest_right":100013,"polydecorations:block/bamboo_bench_norest_middle":100014,"polydecorations:item/birch_shelf":100015,"polydecorations:item/crimson_mailbox":100016,"polydecorations:item/dark_oak_sign_post":100017,"polydecorations:block/statue/deepslate/left_leg":100018,"polydecorations:block/statue/sandstone/body":100019,"polydecorations:block/statue/quartz/left_leg":100020,"polydecorations:item/spruce_statue":100021,"polydecorations:block/statue/cherry/head":100022,"polydecorations:block/statue/dark_oak/body":100023,"polydecorations:block/statue/warped/left_arm":100024,"polydecorations:block/statue/bamboo/right_arm":100025,"polydecorations:block/lantern_support":100026},"stick":{"factorytools:block/special/destroy_stage_0":100001,"factorytools:block/special/destroy_stage_1":100002,"factorytools:block/special/destroy_stage_2":100003,"factorytools:block/special/destroy_stage_3":100004,"factorytools:block/special/destroy_stage_4":100005,"factorytools:block/special/destroy_stage_5":100006,"factorytools:block/special/destroy_stage_6":100007,"factorytools:block/special/destroy_stage_7":100008,"factorytools:block/special/destroy_stage_8":100009,"factorytools:block/special/destroy_stage_9":100010},"structure_void":{"polydex:sgui/elements/back":100001,"polydex:sgui/elements/next_page":100002,"polydex:sgui/elements/previous_page":100003,"polydex:sgui/elements/flame":100004,"polydex:sgui/elements/xp":100005,"polydex:sgui/elements/page":100006},"sugar":{"computercraft:block/computer_normal_blinking":100001,"computercraft:block/printer_empty":100002,"computercraft:block/monitor_normal_rd":100003,"computercraft:block/monitor_advanced_r":100004,"computercraft:block/cable_core_any":100005,"computercraft:item/turtle_advanced":100006,"computercraft:item/printer":100007,"polydecorations:block/crimson_shelf_top":100008,"polydecorations:block/spruce_bench_left":100009,"polydecorations:block/acacia_bench_right":100010,"polydecorations:block/jungle_bench_middle":100011,"polydecorations:block/crimson_bench_norest":100012,"polydecorations:block/mangrove_bench_norest_left":100013,"polydecorations:item/jungle_shelf":100014,"polydecorations:item/mangrove_bench":100015,"polydecorations:item/warped_mailbox":100016,"polydecorations:block/statue/stone/body":100017,"polydecorations:block/statue/blackstone/left_leg":100018,"polydecorations:block/statue/red_sandstone/body":100019,"polydecorations:block/statue/oak/left_leg":100020,"polydecorations:block/statue/birch/right_leg":100021,"polydecorations:item/cherry_statue":100022,"polydecorations:block/statue/crimson/head":100023,"polydecorations:block/statue/mangrove/body":100024,"polydecorations:item/canvas":100025,"polydecorations:block/tiny_potato":100026}}