{"parent":"block/block","textures":{"particle":"omnihopper:block/box_bottom","bottom":"omnihopper:block/box_bottom","side":"omnihopper:block/box_side","open":"omnihopper:block/box_open"},"elements":[{"from":[1.0,0.0,1.0],"to":[15.0,10.0,15.0],"shade":false,"faces":{"north":{"uv":[1.0,6.0,15.0,16.0],"texture":"#side","rotation":0,"tintindex":0},"east":{"uv":[1.0,6.0,15.0,16.0],"texture":"#side","rotation":0,"tintindex":0},"south":{"uv":[1.0,6.0,15.0,16.0],"texture":"#side","rotation":0,"tintindex":0},"west":{"uv":[1.0,6.0,15.0,16.0],"texture":"#side","rotation":0,"tintindex":0},"up":{"uv":[1.0,1.0,15.0,15.0],"texture":"#open","rotation":0,"tintindex":0},"down":{"uv":[1.0,1.0,15.0,15.0],"texture":"#bottom","cullface":"down","rotation":0,"tintindex":0}}}]}