{"textures":{"particle":"block/oak_planks","planks":"block/oak_planks"},"elements":[{"from":[0,6,2],"to":[16,8,13],"faces":{"north":{"uv":[0,12,16,14],"texture":"#planks"},"east":{"uv":[11,0,13,11],"rotation":90,"texture":"#planks"},"south":{"uv":[0,13,16,15],"texture":"#planks"},"west":{"uv":[9,0,11,11],"rotation":90,"texture":"#planks"},"up":{"uv":[0,11,16,0],"texture":"#planks"},"down":{"uv":[0,0,16,11],"texture":"#planks"}}},{"from":[0,14,7],"to":[16,21,9],"rotation":{"angle":22.5,"axis":"x","origin":[0,0,0]},"faces":{"north":{"uv":[0,7,16,0],"rotation":180,"texture":"#planks"},"east":{"uv":[11,0,13,7],"rotation":180,"texture":"#planks"},"south":{"uv":[0,0,16,7],"texture":"#planks"},"west":{"uv":[9,0,11,7],"texture":"#planks"},"up":{"uv":[0,13,16,15],"texture":"#planks"},"down":{"uv":[0,12,16,14],"rotation":180,"texture":"#planks"}}}],"display":{"thirdperson_righthand":{"rotation":[75,45,0],"translation":[0,2.5,0],"scale":[0.375,0.375,0.375]},"thirdperson_lefthand":{"rotation":[75,45,0],"translation":[0,2.5,0],"scale":[0.375,0.375,0.375]},"firstperson_righthand":{"rotation":[0,45,0],"scale":[0.4,0.4,0.4]},"firstperson_lefthand":{"rotation":[0,225,0],"scale":[0.4,0.4,0.4]},"ground":{"translation":[0,3,0],"scale":[0.25,0.25,0.25]},"gui":{"rotation":[30,225,0],"scale":[0.625,0.625,0.625]},"fixed":{"scale":[0.5,0.5,0.5]}}}