{"textures":{"0":"block/lodestone_top","1":"polydecorations:block/display_case_glass","particle":"block/lodestone_top"},"elements":[{"from":[1,0,1],"to":[15,1,15],"faces":{"north":{"uv":[15,1,1,2],"texture":"#0"},"east":{"uv":[14,1,15,15],"rotation":90,"texture":"#0"},"south":{"uv":[1,14,15,15],"texture":"#0"},"west":{"uv":[1,1,2,15],"rotation":90,"texture":"#0"},"up":{"uv":[1,1,15,15],"texture":"#0"},"down":{"uv":[1,15,15,1],"texture":"#0"}}},{"from":[2,1,2],"to":[14,13,14],"faces":{"north":{"uv":[0,0,12,12],"texture":"#1"},"east":{"uv":[0,0,12,12],"texture":"#1"},"south":{"uv":[0,0,12,12],"texture":"#1"},"west":{"uv":[0,0,12,12],"texture":"#1"},"up":{"uv":[0,0,12,12],"texture":"#1"},"down":{"uv":[0,0,12,12],"texture":"#1"}}}],"display":{"thirdperson_righthand":{"rotation":[75,45,0],"translation":[0,2.5,0],"scale":[0.375,0.375,0.375]},"thirdperson_lefthand":{"rotation":[75,45,0],"translation":[0,2.5,0],"scale":[0.375,0.375,0.375]},"firstperson_righthand":{"rotation":[0,45,0],"scale":[0.4,0.4,0.4]},"firstperson_lefthand":{"rotation":[0,225,0],"scale":[0.4,0.4,0.4]},"ground":{"translation":[0,3,0],"scale":[0.25,0.25,0.25]},"gui":{"rotation":[30,225,0],"scale":[0.625,0.625,0.625]},"fixed":{"scale":[0.5,0.5,0.5]}}}