{"elements":[{"from":[7,11,5],"to":[9,13,20],"faces":{"north":{"uv":[0,10,2,12],"texture":"#0"},"east":{"uv":[0,6,15,8],"texture":"#0"},"south":{"uv":[0,0,2,2],"texture":"#missing"},"west":{"uv":[0,2,15,4],"texture":"#0"},"up":{"uv":[0,8,15,10],"rotation":90,"texture":"#0"},"down":{"uv":[0,13,15,15],"rotation":90,"texture":"#0"}}},{"from":[6,4,20],"to":[10,14,22],"faces":{"north":{"uv":[0,0,4,10],"texture":"#1"},"east":{"uv":[4,0,6,10],"texture":"#1"},"south":{"uv":[0,0,4,10],"texture":"#1"},"west":{"uv":[4,0,6,10],"texture":"#1"},"up":{"uv":[6,0,10,2],"texture":"#1"},"down":{"uv":[6,0,10,2],"texture":"#1"}}},{"from":[8,5,14],"to":[8,11,20],"faces":{"north":{"uv":[0,0,0,6],"texture":"#missing"},"east":{"uv":[16,10,10,16],"texture":"#1"},"south":{"uv":[0,0,0,6],"texture":"#missing"},"west":{"uv":[10,10,16,16],"texture":"#1"},"up":{"uv":[0,0,0,6],"texture":"#missing"},"down":{"uv":[0,0,0,6],"texture":"#missing"}}}],"textures":{"0":"block/dark_oak_planks","1":"polydecorations:block/lantern_support","particle":"block/dark_oak_planks"}}