{"textures":{"0":"block/copper_block","1":"block/stone","particle":"block/copper_block"},"elements":[{"from":[8,7,7],"to":[9,19,9],"faces":{"north":{"uv":[5,2,6,14],"texture":"#0"},"east":{"uv":[6,2,8,14],"texture":"#0"},"south":{"uv":[8,2,9,14],"texture":"#0"},"west":{"uv":[6,2,8,14],"texture":"#0"},"up":{"uv":[0,0,1,2],"texture":"#0"},"down":{"uv":[9,13,10,15],"texture":"#0"}}},{"from":[8,16,9],"to":[9,19,12],"faces":{"north":{"uv":[6,3,7,6],"texture":"#0"},"east":{"uv":[8,2,11,5],"texture":"#0"},"south":{"uv":[7,2,8,5],"texture":"#0"},"west":{"uv":[8,2,11,5],"texture":"#0"},"up":{"uv":[11,2,12,5],"texture":"#0"},"down":{"uv":[6,6,7,9],"texture":"#0"}}},{"from":[7.5,7.5,7.5],"to":[12.5,8.5,8.5],"faces":{"north":{"uv":[5,6,10,7],"texture":"#1"},"east":{"uv":[5,6,6,7],"texture":"#1"},"south":{"uv":[5,6,10,7],"texture":"#1"},"west":{"uv":[5,6,6,7],"texture":"#1"},"up":{"uv":[5,6,10,7],"texture":"#1"},"down":{"uv":[5,6,10,7],"texture":"#1"}}}]}