{"display":{"thirdperson_righthand":{"rotation":[75,45,0],"translation":[0,2.5,0],"scale":[0.375,0.375,0.375]},"thirdperson_lefthand":{"rotation":[75,45,0],"translation":[0,2.5,0],"scale":[0.375,0.375,0.375]},"firstperson_righthand":{"rotation":[0,45,0],"scale":[0.4,0.4,0.4]},"firstperson_lefthand":{"rotation":[0,225,0],"scale":[0.4,0.4,0.4]},"ground":{"translation":[0,3,0],"scale":[0.25,0.25,0.25]},"gui":{"rotation":[30,225,0],"scale":[0.625,0.625,0.625]},"fixed":{"translation":[0,1.75,0],"scale":[0.5,0.5,0.5]}},"textures":{"0":"polydecorations:block/tiny_potato","particle":"polydecorations:block/tiny_potato"},"elements":[{"from":[5,0,5],"to":[11,9,11],"rotation":{"angle":0,"axis":"y","origin":[8,8,0]},"faces":{"north":{"uv":[0,0,6,9],"texture":"#0"},"east":{"uv":[6,0,12,9],"texture":"#0"},"south":{"uv":[6,0,12,9],"texture":"#0"},"west":{"uv":[6,0,12,9],"texture":"#0"},"up":{"uv":[0,9,6,15],"texture":"#0"},"down":{"uv":[0,9,6,15],"texture":"#0"}}}]}