{"parent":"item/generated","textures":{"layer0":"item/firework_star","layer1":"item/firework_star_overlay"},"overrides":[{"model":"computercraft:block/turtle_colour","predicate":{"custom_model_data":100001}},{"model":"computercraft:item/pocket_computer_colour","predicate":{"custom_model_data":100002}},{"model":"computercraft:item/pocket_computer_colour_on","predicate":{"custom_model_data":100003}},{"model":"computercraft:item/pocket_computer_colour_blinking","predicate":{"custom_model_data":100004}},{"model":"computercraft:item/disk","predicate":{"custom_model_data":100005}}]}