{"parent":"minecraft:item/generated","textures":{"layer0":"minecraft:item/leather"},"overrides":[{"model":"computercraft:block/turtle_speaker_left","predicate":{"custom_model_data":100001}},{"model":"computercraft:block/turtle_advanced","predicate":{"custom_model_data":100002}},{"model":"computercraft:block/monitor_normal_lrud","predicate":{"custom_model_data":100003}},{"model":"computercraft:block/monitor_advanced_lru","predicate":{"custom_model_data":100004}},{"model":"computercraft:block/wired_modem_full_off","predicate":{"custom_model_data":100005}},{"model":"computercraft:item/pocket_computer_normal_blinking","predicate":{"custom_model_data":100006}},{"model":"computercraft:item/printed_page","predicate":{"custom_model_data":100007}},{"model":"polydecorations:block/cherry_shelf_double","predicate":{"custom_model_data":100008}},{"model":"polydecorations:block/oak_bench_middle","predicate":{"custom_model_data":100009}},{"model":"polydecorations:block/birch_bench_norest","predicate":{"custom_model_data":100010}},{"model":"polydecorations:block/cherry_bench_norest_left","predicate":{"custom_model_data":100011}},{"model":"polydecorations:block/dark_oak_bench_norest_right","predicate":{"custom_model_data":100012}},{"model":"polydecorations:block/warped_bench_norest_middle","predicate":{"custom_model_data":100013}},{"model":"polydecorations:block/mailbox_flag","predicate":{"custom_model_data":100014}},{"model":"polydecorations:item/cherry_shelf","predicate":{"custom_model_data":100015}},{"model":"polydecorations:item/acacia_mailbox","predicate":{"custom_model_data":100016}},{"model":"polydecorations:item/crimson_sign_post","predicate":{"custom_model_data":100017}},{"model":"polydecorations:block/statue/deepslate/right_leg","predicate":{"custom_model_data":100018}},{"model":"polydecorations:block/statue/sandstone/left_arm","predicate":{"custom_model_data":100019}},{"model":"polydecorations:block/statue/quartz/right_leg","predicate":{"custom_model_data":100020}},{"model":"polydecorations:block/statue/birch/head","predicate":{"custom_model_data":100021}},{"model":"polydecorations:block/statue/cherry/body","predicate":{"custom_model_data":100022}},{"model":"polydecorations:block/statue/dark_oak/left_arm","predicate":{"custom_model_data":100023}},{"model":"polydecorations:block/statue/warped/right_arm","predicate":{"custom_model_data":100024}},{"model":"polydecorations:block/statue/bamboo/left_leg","predicate":{"custom_model_data":100025}},{"model":"polydecorations:block/lantern_support_wall","predicate":{"custom_model_data":100026}}]}