{"parent":"minecraft:item/generated","textures":{"layer0":"minecraft:item/nether_brick"},"overrides":[{"model":"computercraft:block/turtle_modem_advanced_on_left","predicate":{"custom_model_data":100001}},{"model":"computercraft:block/computer_command_blinking","predicate":{"custom_model_data":100002}},{"model":"computercraft:block/monitor_normal_ld","predicate":{"custom_model_data":100003}},{"model":"computercraft:block/monitor_advanced_l","predicate":{"custom_model_data":100004}},{"model":"computercraft:block/wireless_modem_normal_off","predicate":{"custom_model_data":100005}},{"model":"computercraft:item/computer_normal","predicate":{"custom_model_data":100006}},{"model":"computercraft:item/cable","predicate":{"custom_model_data":100007}},{"model":"polydecorations:block/birch_shelf_double","predicate":{"custom_model_data":100008}},{"model":"polydecorations:block/bamboo_shelf_top","predicate":{"custom_model_data":100009}},{"model":"polydecorations:block/spruce_bench_norest_middle","predicate":{"custom_model_data":100010}},{"model":"polydecorations:block/cherry_bench_left","predicate":{"custom_model_data":100011}},{"model":"polydecorations:block/dark_oak_bench_right","predicate":{"custom_model_data":100012}},{"model":"polydecorations:block/warped_bench_middle","predicate":{"custom_model_data":100013}},{"model":"polydecorations:block/bamboo_bench_norest","predicate":{"custom_model_data":100014}},{"model":"polydecorations:item/bamboo_shelf","predicate":{"custom_model_data":100015}},{"model":"polydecorations:item/cherry_bench","predicate":{"custom_model_data":100016}},{"model":"polydecorations:item/acacia_sign_post","predicate":{"custom_model_data":100017}},{"model":"polydecorations:block/statue/deepslate/body","predicate":{"custom_model_data":100018}},{"model":"polydecorations:block/statue/prismarine/left_leg","predicate":{"custom_model_data":100019}},{"model":"polydecorations:block/statue/quartz/body","predicate":{"custom_model_data":100020}},{"model":"polydecorations:block/statue/spruce/right_arm","predicate":{"custom_model_data":100021}},{"model":"polydecorations:block/statue/acacia/left_leg","predicate":{"custom_model_data":100022}},{"model":"polydecorations:block/statue/jungle/right_leg","predicate":{"custom_model_data":100023}},{"model":"polydecorations:item/crimson_statue","predicate":{"custom_model_data":100024}},{"model":"polydecorations:block/statue/bamboo/head","predicate":{"custom_model_data":100025}},{"model":"polydecorations:item/red_sandstone_statue","predicate":{"custom_model_data":100026}}]}