{"parent":"minecraft:item/handheld","textures":{"layer0":"minecraft:item/stick"},"overrides":[{"model":"factorytools:block/special/destroy_stage_0","predicate":{"custom_model_data":100001}},{"model":"factorytools:block/special/destroy_stage_1","predicate":{"custom_model_data":100002}},{"model":"factorytools:block/special/destroy_stage_2","predicate":{"custom_model_data":100003}},{"model":"factorytools:block/special/destroy_stage_3","predicate":{"custom_model_data":100004}},{"model":"factorytools:block/special/destroy_stage_4","predicate":{"custom_model_data":100005}},{"model":"factorytools:block/special/destroy_stage_5","predicate":{"custom_model_data":100006}},{"model":"factorytools:block/special/destroy_stage_6","predicate":{"custom_model_data":100007}},{"model":"factorytools:block/special/destroy_stage_7","predicate":{"custom_model_data":100008}},{"model":"factorytools:block/special/destroy_stage_8","predicate":{"custom_model_data":100009}},{"model":"factorytools:block/special/destroy_stage_9","predicate":{"custom_model_data":100010}}]}