{"parent":"minecraft:item/generated","textures":{"layer0":"minecraft:item/structure_void"},"overrides":[{"model":"polydex:sgui/elements/back","predicate":{"custom_model_data":100001}},{"model":"polydex:sgui/elements/next_page","predicate":{"custom_model_data":100002}},{"model":"polydex:sgui/elements/previous_page","predicate":{"custom_model_data":100003}},{"model":"polydex:sgui/elements/flame","predicate":{"custom_model_data":100004}},{"model":"polydex:sgui/elements/xp","predicate":{"custom_model_data":100005}},{"model":"polydex:sgui/elements/page","predicate":{"custom_model_data":100006}}]}