{"parent":"minecraft:block/blue_carpet","overrides":[{"model":"polyfactory:block/sticky_conveyor_down","predicate":{"custom_model_data":100001}},{"model":"polyfactory:block/gen/conveyor_up_6","predicate":{"custom_model_data":100002}},{"model":"polyfactory:block/gen/sticky_conveyor_11","predicate":{"custom_model_data":100003}},{"model":"polyfactory:block/gen/sticky_conveyor_down_0/1","predicate":{"custom_model_data":100004}},{"model":"polyfactory:block/gen/conveyor_up_6/1","predicate":{"custom_model_data":100005}},{"model":"polyfactory:block/gen/sticky_conveyor_11/1","predicate":{"custom_model_data":100006}},{"model":"polyfactory:block/gen/sticky_conveyor_down_0/2","predicate":{"custom_model_data":100007}},{"model":"polyfactory:block/gen/conveyor_up_6/2","predicate":{"custom_model_data":100008}},{"model":"polyfactory:block/gen/sticky_conveyor_11/2","predicate":{"custom_model_data":100009}},{"model":"polyfactory:block/gen/sticky_conveyor_down_0/3","predicate":{"custom_model_data":100010}},{"model":"polyfactory:block/gen/conveyor_up_6/3","predicate":{"custom_model_data":100011}},{"model":"polyfactory:block/gen/sticky_conveyor_11/3","predicate":{"custom_model_data":100012}},{"model":"polyfactory:block/gen/sticky_conveyor_down_0/4","predicate":{"custom_model_data":100013}},{"model":"polyfactory:block/gen/conveyor_up_6/4","predicate":{"custom_model_data":100014}},{"model":"polyfactory:block/gen/sticky_conveyor_11/4","predicate":{"custom_model_data":100015}},{"model":"polyfactory:block/gen/sticky_conveyor_down_0/5","predicate":{"custom_model_data":100016}},{"model":"polyfactory:block/gen/conveyor_up_6/5","predicate":{"custom_model_data":100017}},{"model":"polyfactory:block/gen/sticky_conveyor_11/5","predicate":{"custom_model_data":100018}},{"model":"polyfactory:block/gen/sticky_conveyor_down_0/6","predicate":{"custom_model_data":100019}},{"model":"polyfactory:block/gen/conveyor_up_6/6","predicate":{"custom_model_data":100020}},{"model":"polyfactory:block/gen/sticky_conveyor_11/6","predicate":{"custom_model_data":100021}},{"model":"polyfactory:block/gen/sticky_conveyor_down_0/7","predicate":{"custom_model_data":100022}},{"model":"polyfactory:block/gen/conveyor_up_6/7","predicate":{"custom_model_data":100023}},{"model":"polyfactory:block/gen/sticky_conveyor_11/7","predicate":{"custom_model_data":100024}},{"model":"polyfactory:block/gen/sticky_conveyor_down_0/8","predicate":{"custom_model_data":100025}},{"model":"polyfactory:block/gen/conveyor_up_6/8","predicate":{"custom_model_data":100026}},{"model":"polyfactory:block/gen/sticky_conveyor_11/8","predicate":{"custom_model_data":100027}},{"model":"polyfactory:block/gen/sticky_conveyor_down_0/9","predicate":{"custom_model_data":100028}},{"model":"polyfactory:block/gen/conveyor_up_6/9","predicate":{"custom_model_data":100029}},{"model":"polyfactory:block/gen/sticky_conveyor_11/9","predicate":{"custom_model_data":100030}},{"model":"polyfactory:block/gen/sticky_conveyor_down_0/10","predicate":{"custom_model_data":100031}},{"model":"polyfactory:block/gen/conveyor_up_6/10","predicate":{"custom_model_data":100032}},{"model":"polyfactory:block/gen/sticky_conveyor_11/10","predicate":{"custom_model_data":100033}},{"model":"polyfactory:block/gen/sticky_conveyor_down_0/11","predicate":{"custom_model_data":100034}},{"model":"polyfactory:block/gen/conveyor_up_6/11","predicate":{"custom_model_data":100035}},{"model":"polyfactory:block/gen/sticky_conveyor_11/11","predicate":{"custom_model_data":100036}},{"model":"polyfactory:block/gen/sticky_conveyor_down_0/12","predicate":{"custom_model_data":100037}},{"model":"polyfactory:block/gen/conveyor_up_6/12","predicate":{"custom_model_data":100038}},{"model":"polyfactory:block/gen/sticky_conveyor_11/12","predicate":{"custom_model_data":100039}},{"model":"polyfactory:block/gen/sticky_conveyor_down_0/13","predicate":{"custom_model_data":100040}},{"model":"polyfactory:block/gen/conveyor_up_6/13","predicate":{"custom_model_data":100041}},{"model":"polyfactory:block/gen/sticky_conveyor_11/13","predicate":{"custom_model_data":100042}},{"model":"polyfactory:block/gen/sticky_conveyor_down_0/14","predicate":{"custom_model_data":100043}},{"model":"polyfactory:block/gen/conveyor_up_6/14","predicate":{"custom_model_data":100044}},{"model":"polyfactory:block/gen/sticky_conveyor_11/14","predicate":{"custom_model_data":100045}},{"model":"polyfactory:block/gen/sticky_conveyor_down_0/15","predicate":{"custom_model_data":100046}},{"model":"polyfactory:block/gen/conveyor_up_6/15","predicate":{"custom_model_data":100047}},{"model":"polyfactory:block/gen/sticky_conveyor_11/15","predicate":{"custom_model_data":100048}},{"model":"polyfactory:block/gen/sticky_conveyor_down_0/16","predicate":{"custom_model_data":100049}},{"model":"polyfactory:block/gen/conveyor_up_6/16","predicate":{"custom_model_data":100050}},{"model":"polyfactory:block/gen/sticky_conveyor_11/16","predicate":{"custom_model_data":100051}},{"model":"polyfactory:block/gen/sticky_conveyor_down_0/17","predicate":{"custom_model_data":100052}},{"model":"polyfactory:block/gen/conveyor_up_6/17","predicate":{"custom_model_data":100053}},{"model":"polyfactory:block/gen/sticky_conveyor_11/17","predicate":{"custom_model_data":100054}},{"model":"polyfactory:block/gen/sticky_conveyor_down_0/18","predicate":{"custom_model_data":100055}},{"model":"polyfactory:block/gen/conveyor_up_6/18","predicate":{"custom_model_data":100056}},{"model":"polyfactory:block/gen/sticky_conveyor_11/18","predicate":{"custom_model_data":100057}},{"model":"polyfactory:block/gen/sticky_conveyor_down_0/19","predicate":{"custom_model_data":100058}},{"model":"polyfactory:block/gen/conveyor_up_6/19","predicate":{"custom_model_data":100059}},{"model":"polyfactory:block/gen/sticky_conveyor_11/19","predicate":{"custom_model_data":100060}},{"model":"polyfactory:block/gen/sticky_conveyor_down_0/20","predicate":{"custom_model_data":100061}},{"model":"polyfactory:block/gen/conveyor_up_6/20","predicate":{"custom_model_data":100062}},{"model":"polyfactory:block/gen/sticky_conveyor_11/20","predicate":{"custom_model_data":100063}}]}