{"parent":"minecraft:item/generated","textures":{"layer0":"minecraft:item/clay_ball"},"overrides":[{"model":"computercraft:block/turtle_modem_advanced_off_left","predicate":{"custom_model_data":100001}},{"model":"computercraft:block/computer_command_on","predicate":{"custom_model_data":100002}},{"model":"computercraft:block/monitor_normal_lrd","predicate":{"custom_model_data":100003}},{"model":"computercraft:block/monitor_advanced_lr","predicate":{"custom_model_data":100004}},{"model":"computercraft:block/wireless_modem_advanced_off","predicate":{"custom_model_data":100005}},{"model":"computercraft:item/computer_command","predicate":{"custom_model_data":100006}},{"model":"computercraft:item/pocket_computer_normal","predicate":{"custom_model_data":100007}},{"model":"computercraft:item/pocket_computer_normal","predicate":{"computercraft:state":0,"computercraft:coloured":0,"custom_model_data":100007}},{"model":"computercraft:item/pocket_computer_normal_on","predicate":{"computercraft:state":1,"computercraft:coloured":0,"custom_model_data":100007}},{"model":"computercraft:item/pocket_computer_normal_blinking","predicate":{"computercraft:state":2,"computercraft:coloured":0,"custom_model_data":100007}},{"model":"computercraft:item/pocket_computer_colour","predicate":{"computercraft:state":0,"computercraft:coloured":1,"custom_model_data":100007}},{"model":"computercraft:item/pocket_computer_colour_on","predicate":{"computercraft:state":1,"computercraft:coloured":1,"custom_model_data":100007}},{"model":"computercraft:item/pocket_computer_colour_blinking","predicate":{"computercraft:state":2,"computercraft:coloured":1,"custom_model_data":100007}},{"model":"polydecorations:block/acacia_shelf_double","predicate":{"custom_model_data":100008}},{"model":"polydecorations:block/oak_bench_left","predicate":{"custom_model_data":100009}},{"model":"polydecorations:block/birch_bench_right","predicate":{"custom_model_data":100010}},{"model":"polydecorations:block/cherry_bench_middle","predicate":{"custom_model_data":100011}},{"model":"polydecorations:block/dark_oak_bench_norest","predicate":{"custom_model_data":100012}},{"model":"polydecorations:block/warped_bench_norest_left","predicate":{"custom_model_data":100013}},{"model":"polydecorations:block/bamboo_bench_norest_right","predicate":{"custom_model_data":100014}},{"model":"polydecorations:item/bamboo_shelf","predicate":{"custom_model_data":100015}},{"model":"polydecorations:item/birch_mailbox","predicate":{"custom_model_data":100016}},{"model":"polydecorations:item/jungle_sign_post","predicate":{"custom_model_data":100017}},{"model":"polydecorations:block/statue/deepslate/right_arm","predicate":{"custom_model_data":100018}},{"model":"polydecorations:block/statue/sandstone/head","predicate":{"custom_model_data":100019}},{"model":"polydecorations:block/statue/quartz/right_arm","predicate":{"custom_model_data":100020}},{"model":"polydecorations:block/statue/spruce/right_leg","predicate":{"custom_model_data":100021}},{"model":"polydecorations:item/acacia_statue","predicate":{"custom_model_data":100022}},{"model":"polydecorations:block/statue/dark_oak/head","predicate":{"custom_model_data":100023}},{"model":"polydecorations:block/statue/warped/body","predicate":{"custom_model_data":100024}},{"model":"polydecorations:block/statue/bamboo/left_arm","predicate":{"custom_model_data":100025}},{"model":"polydecorations:item/ghost_light","predicate":{"custom_model_data":100026}},{"model":"polyfactory:item/fan","predicate":{"custom_model_data":100027}},{"model":"polyfactory:item/metal_grid","predicate":{"custom_model_data":100028}},{"model":"polyfactory:item/green_screen","predicate":{"custom_model_data":100029}},{"model":"polyfactory:item/workbench","predicate":{"custom_model_data":100030}},{"model":"computercraft:block/turtle_rainbow_overlay","predicate":{"custom_model_data":100031}}]}