{"parent":"minecraft:item/generated","textures":{"layer0":"minecraft:item/flint"},"overrides":[{"model":"computercraft:block/turtle_modem_advanced_on_right","predicate":{"custom_model_data":100001}},{"model":"computercraft:block/computer_command_off","predicate":{"custom_model_data":100002}},{"model":"computercraft:block/monitor_normal_lr","predicate":{"custom_model_data":100003}},{"model":"computercraft:block/monitor_advanced_ld","predicate":{"custom_model_data":100004}},{"model":"computercraft:block/wireless_modem_normal_on","predicate":{"custom_model_data":100005}},{"model":"computercraft:item/computer_advanced","predicate":{"custom_model_data":100006}},{"model":"computercraft:item/wired_modem","predicate":{"custom_model_data":100007}},{"model":"polydecorations:block/acacia_shelf_top","predicate":{"custom_model_data":100008}},{"model":"polydecorations:block/bamboo_shelf_double","predicate":{"custom_model_data":100009}},{"model":"polydecorations:block/birch_bench_left","predicate":{"custom_model_data":100010}},{"model":"polydecorations:block/cherry_bench_right","predicate":{"custom_model_data":100011}},{"model":"polydecorations:block/dark_oak_bench_middle","predicate":{"custom_model_data":100012}},{"model":"polydecorations:block/warped_bench_norest","predicate":{"custom_model_data":100013}},{"model":"polydecorations:block/bamboo_bench_norest_left","predicate":{"custom_model_data":100014}},{"model":"polydecorations:item/crimson_shelf","predicate":{"custom_model_data":100015}},{"model":"polydecorations:item/warped_mailbox","predicate":{"custom_model_data":100016}},{"model":"polydecorations:item/cherry_sign_post","predicate":{"custom_model_data":100017}},{"model":"polydecorations:block/statue/deepslate/left_arm","predicate":{"custom_model_data":100018}},{"model":"polydecorations:block/statue/prismarine/right_leg","predicate":{"custom_model_data":100019}},{"model":"polydecorations:block/statue/quartz/left_arm","predicate":{"custom_model_data":100020}},{"model":"polydecorations:block/statue/spruce/left_leg","predicate":{"custom_model_data":100021}},{"model":"polydecorations:block/statue/acacia/right_leg","predicate":{"custom_model_data":100022}},{"model":"polydecorations:item/jungle_statue","predicate":{"custom_model_data":100023}},{"model":"polydecorations:block/statue/warped/head","predicate":{"custom_model_data":100024}},{"model":"polydecorations:block/statue/bamboo/body","predicate":{"custom_model_data":100025}},{"model":"polydecorations:item/quartz_statue","predicate":{"custom_model_data":100026}},{"model":"polyfactory:item/splitter","predicate":{"custom_model_data":100027}},{"model":"polyfactory:item/nixie_tube","predicate":{"custom_model_data":100028}},{"model":"polyfactory:item/rot_debug","predicate":{"custom_model_data":100029}},{"model":"polyfactory:item/wither_skull_generator","predicate":{"custom_model_data":100030}},{"model":"polyfactory:block/tiny_potato_spring","predicate":{"custom_model_data":100031}}]}