{"parent":"minecraft:item/generated","textures":{"layer0":"minecraft:item/ghast_tear"},"overrides":[{"model":"computercraft:block/computer_normal_off","predicate":{"custom_model_data":100001}},{"model":"computercraft:block/printer_top_full","predicate":{"custom_model_data":100002}},{"model":"computercraft:block/monitor_normal_ru","predicate":{"custom_model_data":100003}},{"model":"computercraft:block/monitor_advanced_rd","predicate":{"custom_model_data":100004}},{"model":"computercraft:block/cable_arm","predicate":{"custom_model_data":100005}},{"model":"computercraft:item/monitor_normal","predicate":{"custom_model_data":100006}},{"model":"polydecorations:block/oak_shelf_top","predicate":{"custom_model_data":100007}},{"model":"polydecorations:block/crimson_shelf_double","predicate":{"custom_model_data":100008}},{"model":"polydecorations:block/spruce_bench_right","predicate":{"custom_model_data":100009}},{"model":"polydecorations:block/acacia_bench_middle","predicate":{"custom_model_data":100010}},{"model":"polydecorations:block/jungle_bench_norest","predicate":{"custom_model_data":100011}},{"model":"polydecorations:block/crimson_bench_norest_left","predicate":{"custom_model_data":100012}},{"model":"polydecorations:block/mangrove_bench_norest_right","predicate":{"custom_model_data":100013}},{"model":"polydecorations:item/birch_shelf","predicate":{"custom_model_data":100014}},{"model":"polydecorations:item/cherry_bench","predicate":{"custom_model_data":100015}},{"model":"polydecorations:item/acacia_mailbox","predicate":{"custom_model_data":100016}},{"model":"polydecorations:block/statue/stone/left_arm","predicate":{"custom_model_data":100017}},{"model":"polydecorations:block/statue/blackstone/right_leg","predicate":{"custom_model_data":100018}},{"model":"polydecorations:block/statue/red_sandstone/left_arm","predicate":{"custom_model_data":100019}},{"model":"polydecorations:block/statue/oak/right_leg","predicate":{"custom_model_data":100020}},{"model":"polydecorations:item/birch_statue","predicate":{"custom_model_data":100021}},{"model":"polydecorations:block/statue/jungle/head","predicate":{"custom_model_data":100022}},{"model":"polydecorations:block/statue/crimson/body","predicate":{"custom_model_data":100023}},{"model":"polydecorations:block/statue/mangrove/left_arm","predicate":{"custom_model_data":100024}},{"model":"polydecorations:item/stone_statue","predicate":{"custom_model_data":100025}},{"model":"polyfactory:block/hologram_projector_active","predicate":{"custom_model_data":100026}},{"model":"polyfactory:item/placer","predicate":{"custom_model_data":100027}},{"model":"polyfactory:item/large_steel_gear","predicate":{"custom_model_data":100028}},{"model":"polyfactory:item/nixie_tube_controller","predicate":{"custom_model_data":100029}},{"model":"polyfactory:item/spray_can_empty","predicate":{"custom_model_data":100030}}]}