{"parent":"minecraft:item/generated","textures":{"layer0":"minecraft:item/gunpowder"},"overrides":[{"model":"computercraft:block/turtle_elf_overlay","predicate":{"custom_model_data":100001}},{"model":"computercraft:block/disk_drive_invalid","predicate":{"custom_model_data":100002}},{"model":"computercraft:block/monitor_normal_r","predicate":{"custom_model_data":100003}},{"model":"computercraft:block/monitor_advanced","predicate":{"custom_model_data":100004}},{"model":"computercraft:block/cable_core_facing","predicate":{"custom_model_data":100005}},{"model":"computercraft:item/turtle_normal","predicate":{"custom_model_data":100006}},{"model":"computercraft:item/disk_drive","predicate":{"custom_model_data":100007}},{"model":"polydecorations:block/dark_oak_shelf_double","predicate":{"custom_model_data":100008}},{"model":"polydecorations:block/oak_bench_norest_middle","predicate":{"custom_model_data":100009}},{"model":"polydecorations:block/acacia_bench_left","predicate":{"custom_model_data":100010}},{"model":"polydecorations:block/jungle_bench_right","predicate":{"custom_model_data":100011}},{"model":"polydecorations:block/crimson_bench_middle","predicate":{"custom_model_data":100012}},{"model":"polydecorations:block/mangrove_bench_norest","predicate":{"custom_model_data":100013}},{"model":"polydecorations:item/globe","predicate":{"custom_model_data":100014}},{"model":"polydecorations:item/oak_bench","predicate":{"custom_model_data":100015}},{"model":"polydecorations:item/crimson_mailbox","predicate":{"custom_model_data":100016}},{"model":"polydecorations:block/statue/stone/head","predicate":{"custom_model_data":100017}},{"model":"polydecorations:block/statue/blackstone/right_arm","predicate":{"custom_model_data":100018}},{"model":"polydecorations:block/statue/red_sandstone/head","predicate":{"custom_model_data":100019}},{"model":"polydecorations:block/statue/oak/right_arm","predicate":{"custom_model_data":100020}},{"model":"polydecorations:block/statue/birch/left_leg","predicate":{"custom_model_data":100021}},{"model":"polydecorations:block/statue/cherry/right_leg","predicate":{"custom_model_data":100022}},{"model":"polydecorations:item/dark_oak_statue","predicate":{"custom_model_data":100023}},{"model":"polydecorations:block/statue/mangrove/head","predicate":{"custom_model_data":100024}},{"model":"polydecorations:item/large_flower_pot","predicate":{"custom_model_data":100025}},{"model":"polydecorations:block/globe_earth","predicate":{"custom_model_data":100026}},{"model":"polyfactory:item/mixer","predicate":{"custom_model_data":100027}},{"model":"polyfactory:item/steel_plate","predicate":{"custom_model_data":100028}},{"model":"polyfactory:item/item_reader","predicate":{"custom_model_data":100029}},{"model":"polyfactory:item/crushed_raw_copper","predicate":{"custom_model_data":100030}}]}