{"parent":"minecraft:item/generated","overrides":[{"model":"minecraft:item/leather_leggings_quartz_trim","predicate":{"trim_type":0.1}},{"model":"minecraft:item/leather_leggings_iron_trim","predicate":{"trim_type":0.2}},{"model":"minecraft:item/leather_leggings_netherite_trim","predicate":{"trim_type":0.3}},{"model":"minecraft:item/leather_leggings_redstone_trim","predicate":{"trim_type":0.4}},{"model":"minecraft:item/leather_leggings_copper_trim","predicate":{"trim_type":0.5}},{"model":"minecraft:item/leather_leggings_gold_trim","predicate":{"trim_type":0.6}},{"model":"minecraft:item/leather_leggings_emerald_trim","predicate":{"trim_type":0.7}},{"model":"minecraft:item/leather_leggings_diamond_trim","predicate":{"trim_type":0.8}},{"model":"minecraft:item/leather_leggings_lapis_trim","predicate":{"trim_type":0.9}},{"model":"minecraft:item/leather_leggings_amethyst_trim","predicate":{"trim_type":1.0}},{"model":"polyfactory:block/gen/cable/2","predicate":{"custom_model_data":100001}},{"model":"polyfactory:block/gen/cable/7","predicate":{"custom_model_data":100002}},{"model":"polyfactory:block/gen/cable/12","predicate":{"custom_model_data":100003}},{"model":"polyfactory:block/gen/cable/17","predicate":{"custom_model_data":100004}},{"model":"polyfactory:block/gen/cable/22","predicate":{"custom_model_data":100005}},{"model":"polyfactory:block/gen/cable/27","predicate":{"custom_model_data":100006}},{"model":"polyfactory:block/gen/cable/32","predicate":{"custom_model_data":100007}},{"model":"polyfactory:block/gen/cable/37","predicate":{"custom_model_data":100008}},{"model":"polyfactory:block/gen/cable/42","predicate":{"custom_model_data":100009}},{"model":"polyfactory:block/gen/cable/47","predicate":{"custom_model_data":100010}},{"model":"polyfactory:block/gen/cable/52","predicate":{"custom_model_data":100011}},{"model":"polyfactory:block/gen/cable/57","predicate":{"custom_model_data":100012}},{"model":"polyfactory:block/gen/cable/62","predicate":{"custom_model_data":100013}},{"model":"polyfactory:sgui/elements/numbers/flat/0","predicate":{"custom_model_data":100014}},{"model":"polyfactory:sgui/elements/numbers/flat/1","predicate":{"custom_model_data":100015}},{"model":"polyfactory:sgui/elements/numbers/flat/2","predicate":{"custom_model_data":100016}},{"model":"polyfactory:sgui/elements/numbers/flat/3","predicate":{"custom_model_data":100017}},{"model":"polyfactory:sgui/elements/numbers/flat/4","predicate":{"custom_model_data":100018}},{"model":"polyfactory:sgui/elements/numbers/flat/5","predicate":{"custom_model_data":100019}},{"model":"polyfactory:sgui/elements/numbers/flat/6","predicate":{"custom_model_data":100020}},{"model":"polyfactory:sgui/elements/numbers/flat/7","predicate":{"custom_model_data":100021}},{"model":"polyfactory:sgui/elements/numbers/flat/8","predicate":{"custom_model_data":100022}},{"model":"polyfactory:sgui/elements/numbers/flat/9","predicate":{"custom_model_data":100023}},{"model":"polyfactory:sgui/elements/numbers/shadow/0","predicate":{"custom_model_data":100024}},{"model":"polyfactory:sgui/elements/numbers/shadow/1","predicate":{"custom_model_data":100025}},{"model":"polyfactory:sgui/elements/numbers/shadow/2","predicate":{"custom_model_data":100026}},{"model":"polyfactory:sgui/elements/numbers/shadow/3","predicate":{"custom_model_data":100027}},{"model":"polyfactory:sgui/elements/numbers/shadow/4","predicate":{"custom_model_data":100028}},{"model":"polyfactory:sgui/elements/numbers/shadow/5","predicate":{"custom_model_data":100029}},{"model":"polyfactory:sgui/elements/numbers/shadow/6","predicate":{"custom_model_data":100030}},{"model":"polyfactory:sgui/elements/numbers/shadow/7","predicate":{"custom_model_data":100031}},{"model":"polyfactory:sgui/elements/numbers/shadow/8","predicate":{"custom_model_data":100032}},{"model":"polyfactory:sgui/elements/numbers/shadow/9","predicate":{"custom_model_data":100033}}],"textures":{"layer0":"minecraft:item/leather_leggings","layer1":"minecraft:item/leather_leggings_overlay"}}