{"parent":"minecraft:item/generated","overrides":[{"model":"minecraft:item/leather_boots_quartz_trim","predicate":{"trim_type":0.1}},{"model":"minecraft:item/leather_boots_iron_trim","predicate":{"trim_type":0.2}},{"model":"minecraft:item/leather_boots_netherite_trim","predicate":{"trim_type":0.3}},{"model":"minecraft:item/leather_boots_redstone_trim","predicate":{"trim_type":0.4}},{"model":"minecraft:item/leather_boots_copper_trim","predicate":{"trim_type":0.5}},{"model":"minecraft:item/leather_boots_gold_trim","predicate":{"trim_type":0.6}},{"model":"minecraft:item/leather_boots_emerald_trim","predicate":{"trim_type":0.7}},{"model":"minecraft:item/leather_boots_diamond_trim","predicate":{"trim_type":0.8}},{"model":"minecraft:item/leather_boots_lapis_trim","predicate":{"trim_type":0.9}},{"model":"minecraft:item/leather_boots_amethyst_trim","predicate":{"trim_type":1.0}},{"model":"polyfactory:item/spray_can","predicate":{"custom_model_data":100001}},{"model":"polyfactory:block/gen/cable/3","predicate":{"custom_model_data":100002}},{"model":"polyfactory:block/gen/cable/8","predicate":{"custom_model_data":100003}},{"model":"polyfactory:block/gen/cable/13","predicate":{"custom_model_data":100004}},{"model":"polyfactory:block/gen/cable/18","predicate":{"custom_model_data":100005}},{"model":"polyfactory:block/gen/cable/23","predicate":{"custom_model_data":100006}},{"model":"polyfactory:block/gen/cable/28","predicate":{"custom_model_data":100007}},{"model":"polyfactory:block/gen/cable/33","predicate":{"custom_model_data":100008}},{"model":"polyfactory:block/gen/cable/38","predicate":{"custom_model_data":100009}},{"model":"polyfactory:block/gen/cable/43","predicate":{"custom_model_data":100010}},{"model":"polyfactory:block/gen/cable/48","predicate":{"custom_model_data":100011}},{"model":"polyfactory:block/gen/cable/53","predicate":{"custom_model_data":100012}},{"model":"polyfactory:block/gen/cable/58","predicate":{"custom_model_data":100013}},{"model":"polyfactory:block/gen/cable/63","predicate":{"custom_model_data":100014}}],"textures":{"layer0":"minecraft:item/leather_boots","layer1":"minecraft:item/leather_boots_overlay"}}