{"parent":"minecraft:item/generated","textures":{"layer0":"minecraft:item/leather_horse_armor"},"overrides":[{"model":"polyfactory:block/windmill_sail","predicate":{"custom_model_data":100001}},{"model":"polyfactory:block/windmill_sail_flip","predicate":{"custom_model_data":100002}},{"model":"polyfactory:item/portable_redstone_transmitter","predicate":{"custom_model_data":100003}},{"model":"polyfactory:block/gen/cable/4","predicate":{"custom_model_data":100004}},{"model":"polyfactory:block/gen/cable/9","predicate":{"custom_model_data":100005}},{"model":"polyfactory:block/gen/cable/14","predicate":{"custom_model_data":100006}},{"model":"polyfactory:block/gen/cable/19","predicate":{"custom_model_data":100007}},{"model":"polyfactory:block/gen/cable/24","predicate":{"custom_model_data":100008}},{"model":"polyfactory:block/gen/cable/29","predicate":{"custom_model_data":100009}},{"model":"polyfactory:block/gen/cable/34","predicate":{"custom_model_data":100010}},{"model":"polyfactory:block/gen/cable/39","predicate":{"custom_model_data":100011}},{"model":"polyfactory:block/gen/cable/44","predicate":{"custom_model_data":100012}},{"model":"polyfactory:block/gen/cable/49","predicate":{"custom_model_data":100013}},{"model":"polyfactory:block/gen/cable/54","predicate":{"custom_model_data":100014}},{"model":"polyfactory:block/gen/cable/59","predicate":{"custom_model_data":100015}}]}