{"parent":"minecraft:item/generated","textures":{"layer0":"minecraft:item/paper"},"overrides":[{"model":"computercraft:block/turtle_modem_normal_on_left","predicate":{"custom_model_data":100001}},{"model":"computercraft:block/computer_normal_on","predicate":{"custom_model_data":100002}},{"model":"computercraft:block/printer_bottom_full","predicate":{"custom_model_data":100003}},{"model":"computercraft:block/monitor_normal_rud","predicate":{"custom_model_data":100004}},{"model":"computercraft:block/monitor_advanced_ru","predicate":{"custom_model_data":100005}},{"model":"computercraft:block/wired_modem_off","predicate":{"custom_model_data":100006}},{"model":"computercraft:item/monitor_advanced","predicate":{"custom_model_data":100007}},{"model":"polydecorations:block/oak_shelf_double","predicate":{"custom_model_data":100008}},{"model":"polydecorations:block/warped_shelf_top","predicate":{"custom_model_data":100009}},{"model":"polydecorations:block/spruce_bench_middle","predicate":{"custom_model_data":100010}},{"model":"polydecorations:block/acacia_bench_norest","predicate":{"custom_model_data":100011}},{"model":"polydecorations:block/jungle_bench_norest_left","predicate":{"custom_model_data":100012}},{"model":"polydecorations:block/crimson_bench_norest_right","predicate":{"custom_model_data":100013}},{"model":"polydecorations:block/mangrove_bench_norest_middle","predicate":{"custom_model_data":100014}},{"model":"polydecorations:item/dark_oak_shelf","predicate":{"custom_model_data":100015}},{"model":"polydecorations:item/mangrove_bench","predicate":{"custom_model_data":100016}},{"model":"polydecorations:item/jungle_mailbox","predicate":{"custom_model_data":100017}},{"model":"polydecorations:block/statue/stone/right_arm","predicate":{"custom_model_data":100018}},{"model":"polydecorations:block/statue/prismarine/head","predicate":{"custom_model_data":100019}},{"model":"polydecorations:block/statue/red_sandstone/right_arm","predicate":{"custom_model_data":100020}},{"model":"polydecorations:item/oak_statue","predicate":{"custom_model_data":100021}},{"model":"polydecorations:block/statue/acacia/head","predicate":{"custom_model_data":100022}},{"model":"polydecorations:block/statue/jungle/body","predicate":{"custom_model_data":100023}},{"model":"polydecorations:block/statue/crimson/left_arm","predicate":{"custom_model_data":100024}},{"model":"polydecorations:block/statue/mangrove/right_arm","predicate":{"custom_model_data":100025}},{"model":"polydecorations:item/deepslate_statue","predicate":{"custom_model_data":100026}},{"model":"polyfactory:item/mod_icon","predicate":{"custom_model_data":100027}},{"model":"polyfactory:item/planter","predicate":{"custom_model_data":100028}},{"model":"polyfactory:item/generic_machine_part","predicate":{"custom_model_data":100029}},{"model":"polyfactory:item/item_filter","predicate":{"custom_model_data":100030}},{"model":"polyfactory:item/hologram_projector","predicate":{"custom_model_data":100031}},{"model":"polyfactory:item/the_cube","predicate":{"custom_model_data":100032}}]}