{"parent":"minecraft:item/generated","textures":{"layer0":"minecraft:item/popped_chorus_fruit"},"overrides":[{"model":"computercraft:block/turtle_modem_normal_off_left","predicate":{"custom_model_data":100001}},{"model":"computercraft:block/computer_advanced_off","predicate":{"custom_model_data":100002}},{"model":"computercraft:block/monitor_normal_d","predicate":{"custom_model_data":100003}},{"model":"computercraft:block/monitor_normal_ud","predicate":{"custom_model_data":100004}},{"model":"computercraft:block/monitor_advanced_u","predicate":{"custom_model_data":100005}},{"model":"computercraft:block/wired_modem_on","predicate":{"custom_model_data":100006}},{"model":"computercraft:item/wireless_modem_advanced","predicate":{"custom_model_data":100007}},{"model":"polydecorations:block/spruce_shelf_double","predicate":{"custom_model_data":100008}},{"model":"polydecorations:block/mangrove_shelf_top","predicate":{"custom_model_data":100009}},{"model":"polydecorations:block/spruce_bench_norest_left","predicate":{"custom_model_data":100010}},{"model":"polydecorations:block/acacia_bench_norest_right","predicate":{"custom_model_data":100011}},{"model":"polydecorations:block/jungle_bench_norest_middle","predicate":{"custom_model_data":100012}},{"model":"polydecorations:block/warped_bench_left","predicate":{"custom_model_data":100013}},{"model":"polydecorations:block/bamboo_bench_right","predicate":{"custom_model_data":100014}},{"model":"polydecorations:item/spruce_shelf","predicate":{"custom_model_data":100015}},{"model":"polydecorations:item/bamboo_bench","predicate":{"custom_model_data":100016}},{"model":"polydecorations:item/spruce_sign_post","predicate":{"custom_model_data":100017}},{"model":"polydecorations:block/statue/stone/right_leg","predicate":{"custom_model_data":100018}},{"model":"polydecorations:block/statue/prismarine/left_arm","predicate":{"custom_model_data":100019}},{"model":"polydecorations:block/statue/red_sandstone/right_leg","predicate":{"custom_model_data":100020}},{"model":"polydecorations:block/statue/spruce/body","predicate":{"custom_model_data":100021}},{"model":"polydecorations:block/statue/acacia/left_arm","predicate":{"custom_model_data":100022}},{"model":"polydecorations:block/statue/jungle/right_arm","predicate":{"custom_model_data":100023}},{"model":"polydecorations:block/statue/crimson/left_leg","predicate":{"custom_model_data":100024}},{"model":"polydecorations:block/statue/mangrove/right_leg","predicate":{"custom_model_data":100025}},{"model":"polydecorations:item/prismarine_statue","predicate":{"custom_model_data":100026}},{"model":"polyfactory:item/conveyor","predicate":{"custom_model_data":100027}},{"model":"polyfactory:item/gearbox","predicate":{"custom_model_data":100028}},{"model":"polyfactory:item/integrated_circuit","predicate":{"custom_model_data":100029}},{"model":"polyfactory:item/wireless_redstone_transmitter","predicate":{"custom_model_data":100030}},{"model":"polyfactory:block/planter_output","predicate":{"custom_model_data":100031}}]}