{"parent":"minecraft:item/generated","textures":{"layer0":"minecraft:item/rabbit_hide"},"overrides":[{"model":"computercraft:block/turtle_speaker_right","predicate":{"custom_model_data":100001}},{"model":"computercraft:block/speaker","predicate":{"custom_model_data":100002}},{"model":"computercraft:block/monitor_normal_lu","predicate":{"custom_model_data":100003}},{"model":"computercraft:block/monitor_advanced_lrud","predicate":{"custom_model_data":100004}},{"model":"computercraft:block/wired_modem_full_off_peripheral","predicate":{"custom_model_data":100005}},{"model":"computercraft:item/pocket_computer_advanced","predicate":{"custom_model_data":100006}},{"model":"computercraft:item/pocket_computer_advanced","predicate":{"computercraft:state":0,"computercraft:coloured":0,"custom_model_data":100006}},{"model":"computercraft:item/pocket_computer_advanced_on","predicate":{"computercraft:state":1,"computercraft:coloured":0,"custom_model_data":100006}},{"model":"computercraft:item/pocket_computer_advanced_blinking","predicate":{"computercraft:state":2,"computercraft:coloured":0,"custom_model_data":100006}},{"model":"computercraft:item/pocket_computer_colour","predicate":{"computercraft:state":0,"computercraft:coloured":1,"custom_model_data":100006}},{"model":"computercraft:item/pocket_computer_colour_on","predicate":{"computercraft:state":1,"computercraft:coloured":1,"custom_model_data":100006}},{"model":"computercraft:item/pocket_computer_colour_blinking","predicate":{"computercraft:state":2,"computercraft:coloured":1,"custom_model_data":100006}},{"model":"computercraft:item/printed_pages","predicate":{"custom_model_data":100007}},{"model":"polydecorations:block/jungle_shelf_top","predicate":{"custom_model_data":100008}},{"model":"polydecorations:block/oak_bench_norest","predicate":{"custom_model_data":100009}},{"model":"polydecorations:block/birch_bench_norest_left","predicate":{"custom_model_data":100010}},{"model":"polydecorations:block/cherry_bench_norest_right","predicate":{"custom_model_data":100011}},{"model":"polydecorations:block/dark_oak_bench_norest_middle","predicate":{"custom_model_data":100012}},{"model":"polydecorations:block/mangrove_bench_left","predicate":{"custom_model_data":100013}},{"model":"polydecorations:item/mod_icon","predicate":{"custom_model_data":100014}},{"model":"polydecorations:item/warped_bench","predicate":{"custom_model_data":100015}},{"model":"polydecorations:item/spruce_mailbox","predicate":{"custom_model_data":100016}},{"model":"polydecorations:item/warped_sign_post","predicate":{"custom_model_data":100017}},{"model":"polydecorations:block/statue/blackstone/head","predicate":{"custom_model_data":100018}},{"model":"polydecorations:block/statue/sandstone/right_arm","predicate":{"custom_model_data":100019}},{"model":"polydecorations:block/statue/oak/head","predicate":{"custom_model_data":100020}},{"model":"polydecorations:block/statue/birch/body","predicate":{"custom_model_data":100021}},{"model":"polydecorations:block/statue/cherry/left_arm","predicate":{"custom_model_data":100022}},{"model":"polydecorations:block/statue/dark_oak/right_arm","predicate":{"custom_model_data":100023}},{"model":"polydecorations:block/statue/warped/left_leg","predicate":{"custom_model_data":100024}},{"model":"polydecorations:block/statue/bamboo/right_leg","predicate":{"custom_model_data":100025}},{"model":"polydecorations:block/lantern_support_fence","predicate":{"custom_model_data":100026}},{"model":"polyfactory:item/grinder","predicate":{"custom_model_data":100027}},{"model":"polyfactory:item/ender_infused_amethyst_shard","predicate":{"custom_model_data":100028}},{"model":"polyfactory:item/item_counter","predicate":{"custom_model_data":100029}},{"model":"polyfactory:item/tiny_potato_spring","predicate":{"custom_model_data":100030}}]}