{"parent":"minecraft:item/generated","textures":{"layer0":"minecraft:item/scute"},"overrides":[{"model":"computercraft:block/turtle_modem_advanced_off_right","predicate":{"custom_model_data":100001}},{"model":"computercraft:block/turtle_normal","predicate":{"custom_model_data":100002}},{"model":"computercraft:block/monitor_normal_lru","predicate":{"custom_model_data":100003}},{"model":"computercraft:block/monitor_advanced_lrd","predicate":{"custom_model_data":100004}},{"model":"computercraft:block/wireless_modem_advanced_on","predicate":{"custom_model_data":100005}},{"model":"computercraft:item/pocket_computer_normal_on","predicate":{"custom_model_data":100006}},{"model":"computercraft:item/treasure_disk","predicate":{"custom_model_data":100007}},{"model":"polydecorations:block/cherry_shelf_top","predicate":{"custom_model_data":100008}},{"model":"polydecorations:block/oak_bench_right","predicate":{"custom_model_data":100009}},{"model":"polydecorations:block/birch_bench_middle","predicate":{"custom_model_data":100010}},{"model":"polydecorations:block/cherry_bench_norest","predicate":{"custom_model_data":100011}},{"model":"polydecorations:block/dark_oak_bench_norest_left","predicate":{"custom_model_data":100012}},{"model":"polydecorations:block/warped_bench_norest_right","predicate":{"custom_model_data":100013}},{"model":"polydecorations:block/bamboo_bench_norest_middle","predicate":{"custom_model_data":100014}},{"model":"polydecorations:item/acacia_shelf","predicate":{"custom_model_data":100015}},{"model":"polydecorations:item/dark_oak_mailbox","predicate":{"custom_model_data":100016}},{"model":"polydecorations:item/dark_oak_sign_post","predicate":{"custom_model_data":100017}},{"model":"polydecorations:block/statue/deepslate/left_leg","predicate":{"custom_model_data":100018}},{"model":"polydecorations:block/statue/sandstone/body","predicate":{"custom_model_data":100019}},{"model":"polydecorations:block/statue/quartz/left_leg","predicate":{"custom_model_data":100020}},{"model":"polydecorations:item/spruce_statue","predicate":{"custom_model_data":100021}},{"model":"polydecorations:block/statue/cherry/head","predicate":{"custom_model_data":100022}},{"model":"polydecorations:block/statue/dark_oak/body","predicate":{"custom_model_data":100023}},{"model":"polydecorations:block/statue/warped/left_arm","predicate":{"custom_model_data":100024}},{"model":"polydecorations:block/statue/bamboo/right_arm","predicate":{"custom_model_data":100025}},{"model":"polydecorations:block/lantern_support","predicate":{"custom_model_data":100026}},{"model":"polyfactory:item/hand_crank","predicate":{"custom_model_data":100027}},{"model":"polyfactory:item/netherrack_dust","predicate":{"custom_model_data":100028}},{"model":"polyfactory:item/tachometer","predicate":{"custom_model_data":100029}},{"model":"polyfactory:item/dynamite","predicate":{"custom_model_data":100030}},{"model":"computercraft:block/turtle_trans_overlay","predicate":{"custom_model_data":100031}}]}