{"parent":"minecraft:item/generated","textures":{"layer0":"minecraft:item/sugar"},"overrides":[{"model":"computercraft:block/computer_normal_blinking","predicate":{"custom_model_data":100001}},{"model":"computercraft:block/printer_empty","predicate":{"custom_model_data":100002}},{"model":"computercraft:block/monitor_normal_rd","predicate":{"custom_model_data":100003}},{"model":"computercraft:block/monitor_advanced_r","predicate":{"custom_model_data":100004}},{"model":"computercraft:block/cable_core_any","predicate":{"custom_model_data":100005}},{"model":"computercraft:item/turtle_advanced","predicate":{"custom_model_data":100006}},{"model":"computercraft:item/printer","predicate":{"custom_model_data":100007}},{"model":"polydecorations:block/crimson_shelf_top","predicate":{"custom_model_data":100008}},{"model":"polydecorations:block/spruce_bench_left","predicate":{"custom_model_data":100009}},{"model":"polydecorations:block/acacia_bench_right","predicate":{"custom_model_data":100010}},{"model":"polydecorations:block/jungle_bench_middle","predicate":{"custom_model_data":100011}},{"model":"polydecorations:block/crimson_bench_norest","predicate":{"custom_model_data":100012}},{"model":"polydecorations:block/mangrove_bench_norest_left","predicate":{"custom_model_data":100013}},{"model":"polydecorations:item/warped_shelf","predicate":{"custom_model_data":100014}},{"model":"polydecorations:item/spruce_bench","predicate":{"custom_model_data":100015}},{"model":"polydecorations:item/bamboo_mailbox","predicate":{"custom_model_data":100016}},{"model":"polydecorations:block/statue/stone/body","predicate":{"custom_model_data":100017}},{"model":"polydecorations:block/statue/blackstone/left_leg","predicate":{"custom_model_data":100018}},{"model":"polydecorations:block/statue/red_sandstone/body","predicate":{"custom_model_data":100019}},{"model":"polydecorations:block/statue/oak/left_leg","predicate":{"custom_model_data":100020}},{"model":"polydecorations:block/statue/birch/right_leg","predicate":{"custom_model_data":100021}},{"model":"polydecorations:item/cherry_statue","predicate":{"custom_model_data":100022}},{"model":"polydecorations:block/statue/crimson/head","predicate":{"custom_model_data":100023}},{"model":"polydecorations:block/statue/mangrove/body","predicate":{"custom_model_data":100024}},{"model":"polydecorations:item/canvas","predicate":{"custom_model_data":100025}},{"model":"polydecorations:block/tiny_potato","predicate":{"custom_model_data":100026}},{"model":"polyfactory:item/miner","predicate":{"custom_model_data":100027}},{"model":"polyfactory:item/steel_gear","predicate":{"custom_model_data":100028}},{"model":"polyfactory:item/block_observer","predicate":{"custom_model_data":100029}},{"model":"polyfactory:item/crushed_raw_gold","predicate":{"custom_model_data":100030}}]}