{"variants":{"facing=east,state=blinking":{"model":"computercraft:block/computer_normal_blinking","y":90},"facing=east,state=off":{"model":"computercraft:block/computer_normal_off","y":90},"facing=east,state=on":{"model":"computercraft:block/computer_normal_on","y":90},"facing=north,state=blinking":{"model":"computercraft:block/computer_normal_blinking","y":0},"facing=north,state=off":{"model":"computercraft:block/computer_normal_off","y":0},"facing=north,state=on":{"model":"computercraft:block/computer_normal_on","y":0},"facing=south,state=blinking":{"model":"computercraft:block/computer_normal_blinking","y":180},"facing=south,state=off":{"model":"computercraft:block/computer_normal_off","y":180},"facing=south,state=on":{"model":"computercraft:block/computer_normal_on","y":180},"facing=west,state=blinking":{"model":"computercraft:block/computer_normal_blinking","y":270},"facing=west,state=off":{"model":"computercraft:block/computer_normal_off","y":270},"facing=west,state=on":{"model":"computercraft:block/computer_normal_on","y":270}}}