{"sources":[{"type":"directory","source":"sgui/elements","prefix":"sgui/elements/"},{"type":"single","resource":"polyfactory:icon"},{"type":"directory","source":"sgui/elements","prefix":"sgui/elements/"},{"type":"paletted_permutations","textures":["polydecorations:block/sign_post","polydecorations:block/mailbox_front"],"palette_key":"polydecorations:palette/wood/oak","permutations":{"acacia":"polydecorations:palette/wood/acacia","birch":"polydecorations:palette/wood/birch","cherry":"polydecorations:palette/wood/cherry","crimson":"polydecorations:palette/wood/crimson","dark_oak":"polydecorations:palette/wood/dark_oak","jungle":"polydecorations:palette/wood/jungle","mangrove":"polydecorations:palette/wood/mangrove","oak":"polydecorations:palette/wood/oak","spruce":"polydecorations:palette/wood/spruce","warped":"polydecorations:palette/wood/warped"}},{"type":"minecraft:single","resource":"computercraft:gui/turtle_upgrade_left"},{"type":"minecraft:single","resource":"computercraft:gui/turtle_upgrade_right"},{"type":"directory","source":"sgui/elements","prefix":"sgui/elements/"}]}